season,league,date,time,status,home_name,away_name,odds_ft_1,odds_ft_x,odds_ft_2,odds_ft_over25,odds_ft_under25,odds_btts_yes,odds_btts_no,homeGoalCount,awayGoalCount
2023,Sweden Superettan,2023-04-01,10:00:00,complete,Brage,Västerås SK,2.4,3.35,2.75,1.65,2.1,1.62,2.2,1,2
2023,Sweden Superettan,2023-04-01,10:00:00,complete,GIF Sundsvall,Landskrona,2.31,3.45,2.8,1.65,2.1,1.62,2.2,2,0
2023,Sweden Superettan,2023-04-02,08:00:00,complete,Trelleborg,Gefle,1.93,3.5,3.75,1.87,1.95,1.67,2.1,0,1
2023,Sweden Superettan,2023-04-02,08:00:00,complete,Utsikten,Skövde AIK,2.19,3.55,2.93,1.75,1.96,1.62,2.2,1,0
2023,Sweden Superettan,2023-04-02,10:00:00,complete,Östersunds FK,GAIS,2.19,3.55,2.93,1.83,2.05,1.62,2.2,1,1
2023,Sweden Superettan,2023-04-03,14:00:00,complete,Örgryte,AFC Eskilstuna,2.0,3.45,3.55,1.67,2.2,1.57,2.25,2,2
2023,Sweden Superettan,2023-04-03,14:00:00,complete,Jönköpings Södra,Örebro,2.43,3.35,2.75,1.81,2.0,1.67,2.1,0,0
2023,Sweden Superettan,2023-04-04,14:00:00,complete,Helsingborg,Öster,1.91,3.25,3.4,1.8,1.95,1.7,2.05,0,1
2023,Sweden Superettan,2023-04-07,10:00:00,complete,GAIS,Brage,1.86,3.4,3.85,1.75,1.89,1.69,2.11,3,0
2023,Sweden Superettan,2023-04-09,08:00:00,complete,Landskrona,Utsikten,6.01,4.71,1.37,1.8,2.0,1.68,2.15,1,3
2023,Sweden Superettan,2023-04-09,12:00:00,complete,Skövde AIK,Jönköpings Södra,2.1,3.4,3.3,1.75,1.87,1.61,2.17,3,3
2023,Sweden Superettan,2023-04-09,12:00:00,complete,Örebro,Östersunds FK,1.78,3.64,4.26,1.85,1.95,1.8,1.9,0,0
2023,Sweden Superettan,2023-04-10,08:00:00,complete,Gefle,Helsingborg,3.1,3.2,2.2,1.96,1.77,1.8,1.95,1,0
2023,Sweden Superettan,2023-04-10,10:00:00,complete,Västerås SK,Örgryte,1.82,3.25,3.66,1.85,2.0,1.65,2.11,0,0
2023,Sweden Superettan,2023-04-10,10:00:00,complete,Öster,Trelleborg,1.78,3.25,3.85,1.75,1.85,1.65,2.1,5,2
2023,Sweden Superettan,2023-04-10,12:00:00,complete,AFC Eskilstuna,GIF Sundsvall,2.23,3.4,3.0,1.64,2.25,1.62,2.2,0,1
2023,Sweden Superettan,2023-04-15,08:00:00,complete,Helsingborg,Västerås SK,2.5,3.35,2.52,1.85,1.85,1.7,2.05,0,1
2023,Sweden Superettan,2023-04-15,08:00:00,complete,Öster,AFC Eskilstuna,1.6,3.9,4.68,1.75,1.96,1.8,2.05,3,0
2023,Sweden Superettan,2023-04-15,10:00:00,complete,Landskrona,Skövde AIK,2.12,3.45,3.0,1.85,1.85,1.67,2.1,2,0
2023,Sweden Superettan,2023-04-15,12:00:00,complete,Örebro,Brage,1.95,3.5,3.37,1.88,1.82,1.73,2.0,0,2
2023,Sweden Superettan,2023-04-16,10:00:00,complete,Utsikten,GAIS,2.3,3.6,2.74,1.86,2.0,1.62,2.2,1,2
2023,Sweden Superettan,2023-04-17,14:00:00,complete,Jönköpings Södra,Gefle,2.15,3.3,3.2,2.15,1.68,1.83,1.9,2,1
2023,Sweden Superettan,2023-04-17,14:00:00,complete,Trelleborg,Örgryte,2.15,3.4,3.2,1.8,2.0,1.62,2.2,2,0
2023,Sweden Superettan,2023-04-18,14:00:00,complete,GIF Sundsvall,Östersunds FK,1.91,3.4,3.5,1.73,1.91,1.67,2.1,0,3
2023,Sweden Superettan,2023-04-22,08:00:00,complete,AFC Eskilstuna,Trelleborg,2.55,2.95,2.65,1.75,1.95,1.7,2.1,1,0
2023,Sweden Superettan,2023-04-22,10:00:00,complete,GAIS,Landskrona,1.63,3.65,4.7,1.75,1.95,1.8,2.0,2,0
2023,Sweden Superettan,2023-04-22,10:00:00,complete,Brage,Helsingborg,2.35,3.1,2.8,1.85,1.85,1.68,2.1,1,0
2023,Sweden Superettan,2023-04-23,10:00:00,complete,Gefle,Utsikten,2.2,3.3,2.8,1.95,1.75,1.8,1.95,1,1
2023,Sweden Superettan,2023-04-24,08:00:00,complete,GIF Sundsvall,Öster,2.7,3.3,2.25,1.75,1.95,1.68,2.1,2,3
2023,Sweden Superettan,2023-04-24,14:00:00,complete,Örgryte,Jönköpings Södra,2.23,3.5,2.91,1.93,1.95,1.7,2.05,2,2
2023,Sweden Superettan,2023-04-24,14:00:00,complete,Östersunds FK,Skövde AIK,2.3,3.4,2.84,2.05,1.77,1.75,2.0,2,1
2023,Sweden Superettan,2023-04-25,14:00:00,complete,Västerås SK,Örebro,1.92,3.21,3.36,1.8,1.8,1.8,1.95,3,0
2023,Sweden Superettan,2023-04-29,08:00:00,complete,Öster,Östersunds FK,1.44,4.2,6.0,1.8,2.0,1.95,1.83,0,1
2023,Sweden Superettan,2023-04-29,10:00:00,complete,Landskrona,Gefle,2.0,3.25,3.5,2.0,1.8,1.8,1.95,1,0
2023,Sweden Superettan,2023-04-29,10:00:00,complete,Jönköpings Södra,Västerås SK,2.6,3.25,2.5,1.85,2.0,1.68,2.15,2,1
2023,Sweden Superettan,2023-04-30,08:00:00,complete,Skövde AIK,Brage,2.23,3.35,3.05,1.96,1.85,1.73,1.99,0,0
2023,Sweden Superettan,2023-04-30,10:00:00,complete,Örebro,AFC Eskilstuna,2.0,3.5,3.5,1.85,1.95,1.73,2.0,3,0
2023,Sweden Superettan,2023-05-01,10:00:00,complete,Trelleborg,GIF Sundsvall,2.05,3.52,3.34,1.88,1.93,1.74,2.04,3,4
2023,Sweden Superettan,2023-05-01,10:00:00,complete,Utsikten,Örgryte,2.28,3.48,2.91,1.79,2.02,1.55,2.25,2,1
2023,Sweden Superettan,2023-05-02,14:00:00,complete,Helsingborg,GAIS,2.37,3.18,2.53,1.88,1.73,1.8,1.95,2,1
2023,Sweden Superettan,2023-05-05,14:00:00,complete,AFC Eskilstuna,Utsikten,2.6,3.3,2.63,1.85,1.95,1.63,2.2,1,1
2023,Sweden Superettan,2023-05-06,10:00:00,complete,Östersunds FK,Jönköpings Södra,2.17,3.16,2.83,1.88,1.73,1.78,1.95,3,3
2023,Sweden Superettan,2023-05-06,10:00:00,complete,Gefle,Västerås SK,2.65,3.21,2.27,1.79,1.81,1.7,2.1,0,3
2023,Sweden Superettan,2023-05-07,08:00:00,complete,Skövde AIK,Örebro,2.75,3.05,2.35,2.1,1.65,1.73,2.0,1,2
2023,Sweden Superettan,2023-05-07,10:00:00,complete,GAIS,Trelleborg,1.95,3.35,3.25,1.85,1.85,1.83,1.95,2,1
2023,Sweden Superettan,2023-05-08,14:00:00,complete,Brage,GIF Sundsvall,1.91,3.5,3.8,1.96,1.92,1.75,2.0,2,0
2023,Sweden Superettan,2023-05-08,14:00:00,complete,Örgryte,Öster,2.9,3.4,2.25,1.85,2.03,1.7,2.05,2,2
2023,Sweden Superettan,2023-05-09,14:00:00,complete,Landskrona,Helsingborg,2.2,3.3,2.9,2.03,1.83,1.75,2.0,2,1
2023,Sweden Superettan,2023-05-12,14:00:00,complete,Jönköpings Södra,AFC Eskilstuna,1.93,3.45,3.65,1.73,2.0,1.8,1.91,2,3
2023,Sweden Superettan,2023-05-13,10:00:00,complete,Öster,GAIS,2.1,3.4,3.3,1.94,1.94,1.73,2.0,1,2
2023,Sweden Superettan,2023-05-13,10:00:00,complete,Västerås SK,Landskrona,1.75,3.7,4.33,1.85,2.03,1.75,1.96,0,0
2023,Sweden Superettan,2023-05-14,08:00:00,complete,Utsikten,Brage,2.06,3.46,3.38,1.94,1.94,1.75,2.0,4,1
2023,Sweden Superettan,2023-05-14,10:00:00,complete,Gefle,Skövde AIK,2.31,3.32,2.98,2.08,1.8,1.8,1.95,4,1
2023,Sweden Superettan,2023-05-15,14:00:00,complete,Trelleborg,Östersunds FK,2.6,3.4,2.55,1.91,1.9,1.67,2.1,1,0
2023,Sweden Superettan,2023-05-15,14:00:00,complete,GIF Sundsvall,Helsingborg,2.5,3.3,2.7,1.93,1.9,1.7,2.05,1,1
2023,Sweden Superettan,2023-05-16,14:00:00,complete,Örebro,Örgryte,2.0,3.2,3.3,1.91,1.8,1.8,1.95,0,0
2023,Sweden Superettan,2023-05-19,14:00:00,complete,Brage,Gefle,1.58,4.04,5.25,1.75,1.95,1.8,1.91,1,1
2023,Sweden Superettan,2023-05-20,08:00:00,complete,Landskrona,Örebro,2.2,3.15,2.85,1.95,1.75,1.8,1.91,3,2
2023,Sweden Superettan,2023-05-20,10:00:00,complete,GAIS,Jönköpings Södra,1.57,3.65,4.75,1.8,1.9,1.73,2.0,0,1
2023,Sweden Superettan,2023-05-20,10:00:00,complete,Skövde AIK,Trelleborg,2.5,3.15,2.5,1.95,1.75,1.73,2.0,2,3
2023,Sweden Superettan,2023-05-21,08:00:00,complete,AFC Eskilstuna,Östersunds FK,2.8,3.4,2.4,1.95,1.87,1.61,2.17,1,1
2023,Sweden Superettan,2023-05-21,10:00:00,complete,Helsingborg,Utsikten,2.2,3.3,3.2,2.0,1.83,1.76,1.95,0,1
2023,Sweden Superettan,2023-05-22,14:00:00,complete,Västerås SK,Öster,2.24,3.21,2.68,1.73,1.88,1.67,2.1,2,1
2023,Sweden Superettan,2023-05-23,14:00:00,complete,Örgryte,GIF Sundsvall,1.77,3.65,3.91,1.7,2.03,1.67,2.1,1,0
2023,Sweden Superettan,2023-05-26,14:00:00,complete,AFC Eskilstuna,GAIS,3.6,3.4,1.95,1.8,1.9,1.72,2.1,0,0
2023,Sweden Superettan,2023-05-26,14:00:00,complete,Öster,Landskrona,1.6,4.0,5.0,1.71,2.02,1.78,2.0,2,1
2023,Sweden Superettan,2023-05-27,08:00:00,complete,Jönköpings Södra,Brage,2.3,3.25,2.9,1.85,2.0,1.65,2.1,4,1
2023,Sweden Superettan,2023-05-27,10:00:00,complete,Örgryte,Gefle,1.85,3.5,4.2,1.9,1.95,1.8,1.95,3,1
2023,Sweden Superettan,2023-05-27,10:00:00,complete,Trelleborg,Västerås SK,3.0,3.4,2.2,1.8,2.0,1.65,2.2,3,2
2023,Sweden Superettan,2023-05-27,10:00:00,complete,GIF Sundsvall,Skövde AIK,1.85,3.6,4.0,1.88,1.98,1.8,2.0,2,0
2023,Sweden Superettan,2023-05-28,08:00:00,complete,Östersunds FK,Utsikten,2.05,3.3,3.1,1.88,1.85,1.73,2.0,1,2
2023,Sweden Superettan,2023-05-28,10:00:00,complete,Örebro,Helsingborg,2.08,3.35,3.35,2.0,1.81,1.83,1.95,1,1
2023,Sweden Superettan,2023-05-31,14:00:00,complete,Utsikten,Örebro,2.24,3.15,2.96,1.93,1.95,1.8,1.91,2,1
2023,Sweden Superettan,2023-05-31,14:00:00,complete,Brage,Östersunds FK,2.32,3.15,2.87,1.93,1.95,1.7,2.05,2,1
2023,Sweden Superettan,2023-05-31,14:00:00,complete,Landskrona,Trelleborg,2.05,3.3,3.25,1.71,1.89,1.63,2.22,1,1
2023,Sweden Superettan,2023-05-31,14:00:00,complete,Gefle,GIF Sundsvall,2.44,3.15,2.7,1.88,2.0,1.67,2.1,1,3
2023,Sweden Superettan,2023-06-01,14:00:00,complete,Helsingborg,Skövde AIK,1.87,3.5,3.95,2.0,1.8,1.84,1.92,0,0
2023,Sweden Superettan,2023-06-01,14:00:00,complete,Jönköpings Södra,Öster,3.0,3.35,2.25,1.75,2.08,1.61,2.25,2,3
2023,Sweden Superettan,2023-06-01,14:00:00,complete,Västerås SK,AFC Eskilstuna,1.53,4.1,5.6,1.75,2.08,1.8,1.91,0,0
2023,Sweden Superettan,2023-06-01,14:00:00,complete,GAIS,Örgryte,1.58,3.95,5.3,1.83,1.98,1.85,1.85,0,1
2023,Sweden Superettan,2023-06-04,10:00:00,complete,Öster,Utsikten,1.88,3.55,3.8,1.93,1.95,1.75,2.05,0,1
2023,Sweden Superettan,2023-06-04,12:00:00,complete,Örebro,Gefle,1.65,3.6,4.4,1.95,1.93,1.88,1.9,2,0
2023,Sweden Superettan,2023-06-04,12:00:00,complete,Östersunds FK,Västerås SK,2.5,3.4,2.4,1.86,2.02,1.65,2.1,1,2
2023,Sweden Superettan,2023-06-05,14:00:00,complete,Skövde AIK,AFC Eskilstuna,2.2,3.2,2.87,1.8,1.91,1.65,2.11,1,0
2023,Sweden Superettan,2023-06-05,14:00:00,complete,Trelleborg,Brage,2.38,3.5,2.91,1.78,1.93,1.68,2.15,1,0
2023,Sweden Superettan,2023-06-06,10:00:00,complete,Örgryte,Landskrona,2.05,3.21,3.02,1.86,1.75,1.67,2.08,0,1
2023,Sweden Superettan,2023-06-06,10:00:00,complete,Helsingborg,Jönköpings Södra,2.36,3.18,2.55,1.8,1.8,1.67,2.1,2,2
2023,Sweden Superettan,2023-06-06,10:00:00,complete,GIF Sundsvall,GAIS,3.12,3.26,1.99,1.79,1.81,1.67,2.1,0,3
2023,Sweden Superettan,2023-06-10,08:00:00,complete,Gefle,Öster,4.4,3.74,1.74,1.75,1.89,1.77,2.0,3,2
2023,Sweden Superettan,2023-06-10,08:00:00,complete,Västerås SK,Skövde AIK,1.62,4.1,4.78,1.58,2.14,1.72,2.07,4,0
2023,Sweden Superettan,2023-06-10,10:00:00,complete,Jönköpings Södra,Trelleborg,2.28,3.52,2.89,1.67,1.99,1.6,2.27,3,1
2023,Sweden Superettan,2023-06-10,10:00:00,complete,Utsikten,GIF Sundsvall,1.84,3.64,3.96,1.77,1.87,1.74,2.04,5,0
2023,Sweden Superettan,2023-06-11,08:00:00,complete,AFC Eskilstuna,Helsingborg,2.4,3.2,2.85,2.0,1.88,1.72,2.0,0,1
2023,Sweden Superettan,2023-06-11,08:00:00,complete,Brage,Landskrona,2.03,3.4,3.4,1.85,2.03,1.68,2.06,2,1
2023,Sweden Superettan,2023-06-11,10:00:00,complete,GAIS,Örebro,1.64,3.7,5.0,1.98,1.9,1.9,1.88,4,0
2023,Sweden Superettan,2023-06-11,10:00:00,complete,Östersunds FK,Örgryte,2.3,3.25,2.95,2.0,1.88,1.69,2.04,2,1
2023,Sweden Superettan,2023-07-07,14:00:00,complete,Landskrona,Jönköpings Södra,1.95,3.5,3.3,1.72,2.1,1.62,2.2,1,1
2023,Sweden Superettan,2023-07-07,14:15:00,complete,Örebro,Öster,2.85,3.3,2.25,1.83,1.95,1.75,2.0,1,1
2023,Sweden Superettan,2023-07-08,10:00:00,complete,GIF Sundsvall,Västerås SK,3.0,3.2,2.1,1.75,1.95,1.57,2.25,1,3
2023,Sweden Superettan,2023-07-08,12:00:00,complete,Gefle,AFC Eskilstuna,2.42,3.4,2.57,1.94,1.71,1.75,2.0,2,0
2023,Sweden Superettan,2023-07-09,10:00:00,complete,Brage,Örgryte,2.23,3.5,3.18,1.85,1.85,1.7,2.05,4,1
2023,Sweden Superettan,2023-07-09,12:00:00,complete,Skövde AIK,GAIS,5.0,3.6,1.57,1.8,1.91,1.8,1.95,0,0
2023,Sweden Superettan,2023-07-10,14:00:00,complete,Trelleborg,Utsikten,1.66,2.97,5.88,1.75,1.87,1.7,2.05,0,3
2023,Sweden Superettan,2023-07-10,14:00:00,complete,Helsingborg,Östersunds FK,1.64,2.91,6.36,1.98,1.88,1.91,1.91,1,0
2023,Sweden Superettan,2023-07-14,14:00:00,complete,Öster,Skövde AIK,1.3,4.75,9.0,1.57,2.2,1.96,1.8,2,1
2023,Sweden Superettan,2023-07-15,08:00:00,complete,Jönköpings Södra,GIF Sundsvall,1.85,3.7,3.65,1.62,2.16,1.57,2.34,1,0
2023,Sweden Superettan,2023-07-15,10:00:00,complete,Örgryte,Helsingborg,1.97,3.3,3.64,1.9,1.8,1.8,1.91,1,2
2023,Sweden Superettan,2023-07-15,10:00:00,complete,Västerås SK,Utsikten,1.9,3.3,3.91,1.72,2.0,1.67,2.1,1,0
2023,Sweden Superettan,2023-07-15,12:00:00,complete,Östersunds FK,Landskrona,2.0,3.2,3.05,1.82,1.82,1.69,2.04,4,1
2023,Sweden Superettan,2023-07-16,10:00:00,complete,GAIS,Gefle,1.3,5.3,9.1,1.56,2.43,2.1,1.67,1,1
2023,Sweden Superettan,2023-07-16,10:00:00,complete,AFC Eskilstuna,Brage,2.79,3.34,2.4,1.96,1.85,1.73,2.0,2,1
2023,Sweden Superettan,2023-07-17,14:00:00,complete,Örebro,Trelleborg,2.07,3.3,3.25,1.74,1.9,1.72,2.05,0,0
2023,Sweden Superettan,2023-07-22,08:00:00,complete,Landskrona,AFC Eskilstuna,1.68,3.88,4.86,1.81,2.0,1.75,1.95,1,2
2023,Sweden Superettan,2023-07-22,10:00:00,complete,Skövde AIK,Örgryte,3.09,3.44,2.19,1.79,2.02,1.65,2.1,2,0
2023,Sweden Superettan,2023-07-22,10:00:00,complete,Gefle,Östersunds FK,2.99,3.33,2.38,1.96,1.85,1.72,2.07,2,2
2023,Sweden Superettan,2023-07-22,10:00:00,complete,GIF Sundsvall,Örebro,2.76,3.37,2.43,1.79,2.02,1.55,2.25,2,2
2023,Sweden Superettan,2023-07-23,08:00:00,complete,Utsikten,Jönköpings Södra,1.82,3.45,3.9,1.61,2.1,1.62,2.2,2,1
2023,Sweden Superettan,2023-07-23,10:00:00,complete,Brage,Öster,2.6,3.35,2.38,1.7,1.95,1.62,2.2,1,2
2023,Sweden Superettan,2023-07-24,14:00:00,complete,Helsingborg,Trelleborg,2.05,3.4,3.35,2.03,1.85,1.8,1.95,1,3
2023,Sweden Superettan,2023-07-24,14:00:00,complete,GAIS,Västerås SK,2.08,3.5,3.2,1.76,1.96,1.67,2.1,0,2
2023,Sweden Superettan,2023-07-28,14:00:00,complete,AFC Eskilstuna,Skövde AIK,1.95,3.5,3.4,1.98,1.9,1.65,2.1,3,0
2023,Sweden Superettan,2023-07-29,08:00:00,complete,Östersunds FK,GIF Sundsvall,1.82,3.72,3.97,1.7,2.0,1.67,2.08,1,1
2023,Sweden Superettan,2023-07-29,10:00:00,complete,Örgryte,Brage,2.22,3.48,3.01,1.75,1.95,1.66,2.09,1,1
2023,Sweden Superettan,2023-07-29,10:00:00,complete,Öster,Jönköpings Södra,1.8,3.72,4.08,1.7,2.0,1.78,1.93,4,0
2023,Sweden Superettan,2023-07-30,08:00:00,complete,Trelleborg,Landskrona,2.2,3.3,3.05,1.71,2.04,1.62,2.2,0,3
2023,Sweden Superettan,2023-07-30,10:00:00,complete,Västerås SK,Gefle,1.3,5.25,8.5,1.6,2.3,1.85,1.85,1,0
2023,Sweden Superettan,2023-07-31,14:00:00,complete,Örebro,GAIS,3.6,3.4,1.91,1.98,1.88,1.78,1.95,0,0
2023,Sweden Superettan,2023-07-31,14:00:00,complete,Utsikten,Helsingborg,1.95,3.3,3.5,1.9,1.95,1.75,2.05,1,1
2023,Sweden Superettan,2023-08-05,08:00:00,complete,AFC Eskilstuna,Öster,3.86,3.65,1.85,1.67,2.05,1.68,2.15,1,1
2023,Sweden Superettan,2023-08-05,10:00:00,complete,Jönköpings Södra,Utsikten,2.55,3.44,2.57,1.67,2.0,1.65,2.2,0,2
2023,Sweden Superettan,2023-08-05,10:00:00,complete,Gefle,Brage,3.23,3.48,2.1,1.73,1.91,1.62,2.2,2,0
2023,Sweden Superettan,2023-08-05,10:00:00,complete,Landskrona,Östersunds FK,2.13,3.41,3.43,1.81,1.96,1.68,2.15,0,1
2023,Sweden Superettan,2023-08-06,10:00:00,complete,Skövde AIK,Västerås SK,4.33,3.75,1.65,1.67,2.15,1.68,2.15,0,2
2023,Sweden Superettan,2023-08-06,12:00:00,complete,GAIS,GIF Sundsvall,1.45,4.4,6.1,1.61,2.09,1.75,2.0,3,3
2023,Sweden Superettan,2023-08-07,14:00:00,complete,Trelleborg,Örebro,2.32,3.15,2.97,1.87,1.83,1.72,2.05,2,2
2023,Sweden Superettan,2023-08-08,14:00:00,complete,Helsingborg,Örgryte,2.15,3.5,3.25,1.95,1.85,1.7,2.05,2,3
2023,Sweden Superettan,2023-08-12,08:00:00,complete,Brage,GAIS,3.5,3.45,1.83,1.8,1.9,1.7,2.1,0,4
2023,Sweden Superettan,2023-08-12,10:00:00,complete,Utsikten,Landskrona,1.8,3.5,3.6,1.75,1.95,1.8,1.95,5,1
2023,Sweden Superettan,2023-08-12,10:00:00,complete,Öster,Gefle,1.22,5.25,8.5,1.53,2.35,1.95,1.75,1,2
2023,Sweden Superettan,2023-08-12,10:00:00,complete,Östersunds FK,AFC Eskilstuna,1.8,3.35,3.75,1.85,1.85,1.73,2.0,1,1
2023,Sweden Superettan,2023-08-13,10:00:00,complete,Västerås SK,Helsingborg,1.6,3.9,4.5,1.83,2.05,1.74,1.98,3,2
2023,Sweden Superettan,2023-08-13,10:00:00,complete,GIF Sundsvall,Trelleborg,2.48,3.4,2.48,1.68,1.99,1.57,2.25,1,1
2023,Sweden Superettan,2023-08-14,14:00:00,complete,Örebro,Jönköpings Södra,2.18,3.17,2.8,1.7,1.95,1.67,2.1,3,0
2023,Sweden Superettan,2023-08-14,14:00:00,complete,Örgryte,Skövde AIK,1.74,3.44,3.79,1.67,2.0,1.65,2.11,1,2
2023,Sweden Superettan,2023-08-18,14:00:00,complete,GAIS,AFC Eskilstuna,1.4,4.5,6.8,1.7,2.0,1.91,1.8,3,0
2023,Sweden Superettan,2023-08-18,14:00:00,complete,Utsikten,Västerås SK,2.75,3.4,2.38,1.86,2.0,1.67,2.1,4,0
2023,Sweden Superettan,2023-08-19,08:00:00,complete,Skövde AIK,GIF Sundsvall,2.25,3.6,2.83,1.67,2.1,1.54,2.32,2,0
2023,Sweden Superettan,2023-08-19,08:00:00,complete,Landskrona,Brage,2.3,3.2,2.75,1.83,1.87,1.62,2.2,3,0
2023,Sweden Superettan,2023-08-19,10:00:00,complete,Jönköpings Södra,Helsingborg,2.2,3.1,3.0,1.79,1.98,1.65,2.1,2,2
2023,Sweden Superettan,2023-08-19,12:00:00,complete,Gefle,Örebro,3.49,3.5,1.95,1.74,1.98,1.67,2.1,2,1
2023,Sweden Superettan,2023-08-20,10:00:00,complete,Trelleborg,Öster,3.35,3.6,1.98,1.84,2.02,1.67,2.1,1,3
2023,Sweden Superettan,2023-08-20,10:00:00,complete,Örgryte,Östersunds FK,2.26,3.6,2.78,1.84,2.02,1.67,2.05,2,2
2023,Sweden Superettan,2023-08-26,10:00:00,complete,Örebro,Västerås SK,2.92,3.02,2.18,1.91,1.93,1.73,2.06,1,1
2023,Sweden Superettan,2023-08-27,08:00:00,complete,Brage,Utsikten,2.8,3.3,2.4,1.9,1.91,1.75,2.0,3,0
2023,Sweden Superettan,2023-08-27,10:00:00,complete,Öster,Örgryte,1.6,4.0,5.0,1.62,2.3,1.67,2.1,2,0
2023,Sweden Superettan,2023-08-27,10:00:00,complete,Östersunds FK,Trelleborg,1.95,3.5,3.6,1.85,1.95,1.72,2.1,2,2
2023,Sweden Superettan,2023-08-28,14:00:00,complete,GAIS,Skövde AIK,1.28,5.4,8.6,1.57,2.25,2.0,1.8,3,1
2023,Sweden Superettan,2023-08-28,14:00:00,complete,AFC Eskilstuna,Gefle,1.88,3.55,3.75,1.96,1.9,1.75,2.05,2,1
2023,Sweden Superettan,2023-08-28,14:00:00,complete,GIF Sundsvall,Jönköpings Södra,2.33,3.7,2.64,1.65,2.1,1.52,2.45,3,2
2023,Sweden Superettan,2023-08-29,14:00:00,complete,Helsingborg,Landskrona,2.15,3.66,3.26,1.96,1.9,1.75,2.0,1,2
2023,Sweden Superettan,2023-09-01,14:00:00,complete,Örgryte,Örebro,2.23,3.48,3.2,1.84,1.87,1.67,2.1,0,3
2023,Sweden Superettan,2023-09-02,08:00:00,complete,Landskrona,GAIS,3.84,2.69,2.1,1.75,2.0,1.67,2.1,2,1
2023,Sweden Superettan,2023-09-02,08:00:00,complete,Utsikten,Östersunds FK,2.44,2.57,3.24,2.08,1.8,1.85,1.85,0,0
2023,Sweden Superettan,2023-09-02,10:00:00,complete,Västerås SK,Brage,1.57,4.2,4.5,1.65,2.15,1.7,2.05,0,0
2023,Sweden Superettan,2023-09-02,10:00:00,complete,Gefle,Jönköpings Södra,2.48,3.4,2.48,1.75,2.0,1.67,2.1,1,0
2023,Sweden Superettan,2023-09-02,10:00:00,complete,Skövde AIK,Öster,4.5,3.85,1.61,1.67,2.15,1.64,2.12,1,2
2023,Sweden Superettan,2023-09-03,10:00:00,complete,Helsingborg,GIF Sundsvall,2.13,3.4,2.96,1.8,1.95,1.7,2.05,3,2
2023,Sweden Superettan,2023-09-03,10:00:00,complete,Trelleborg,AFC Eskilstuna,2.04,3.45,3.1,1.88,2.0,1.7,2.03,2,0
2023,Sweden Superettan,2023-09-16,08:00:00,complete,AFC Eskilstuna,Örgryte,2.34,3.55,2.7,1.91,1.95,1.62,2.2,1,3
2023,Sweden Superettan,2023-09-16,10:00:00,complete,Brage,Trelleborg,1.97,3.65,3.35,1.7,2.0,1.67,2.1,1,1
2023,Sweden Superettan,2023-09-16,10:00:00,complete,Östersunds FK,Gefle,1.59,4.05,4.95,1.86,2.0,1.8,1.95,2,2
2023,Sweden Superettan,2023-09-17,08:00:00,complete,GAIS,Helsingborg,1.49,4.2,5.6,1.67,2.2,1.8,1.95,4,1
2023,Sweden Superettan,2023-09-17,10:00:00,complete,GIF Sundsvall,Utsikten,3.0,3.4,2.17,1.71,2.14,1.67,2.1,1,0
2023,Sweden Superettan,2023-09-17,12:00:00,complete,Örebro,Skövde AIK,1.64,3.85,4.6,1.78,2.04,1.91,1.91,5,3
2023,Sweden Superettan,2023-09-18,14:00:00,complete,Jönköpings Södra,Landskrona,2.4,3.3,2.8,1.76,2.06,1.57,2.25,1,2
2023,Sweden Superettan,2023-09-18,14:00:00,complete,Öster,Västerås SK,2.0,3.6,3.3,1.66,2.23,1.62,2.2,2,2
2023,Sweden Superettan,2023-09-22,14:00:00,complete,Helsingborg,AFC Eskilstuna,2.15,3.2,3.0,1.8,1.83,1.65,2.1,1,0
2023,Sweden Superettan,2023-09-22,14:00:00,complete,Brage,Örebro,2.25,3.2,2.87,1.75,1.87,1.67,2.15,2,1
2023,Sweden Superettan,2023-09-23,08:00:00,complete,Landskrona,Öster,3.5,3.74,1.9,1.68,2.17,1.62,2.2,2,2
2023,Sweden Superettan,2023-09-23,10:00:00,complete,Västerås SK,GIF Sundsvall,1.35,4.65,6.38,1.5,2.4,1.73,2.0,2,0
2023,Sweden Superettan,2023-09-23,10:00:00,complete,Gefle,GAIS,5.03,4.07,1.47,1.65,2.23,1.7,2.0,0,6
2023,Sweden Superettan,2023-09-23,10:00:00,complete,Skövde AIK,Östersunds FK,2.72,3.16,2.25,2.05,1.83,1.73,2.0,5,1
2023,Sweden Superettan,2023-09-23,11:00:00,complete,Jönköpings Södra,Örgryte,2.39,3.11,2.57,1.68,2.2,1.52,2.35,2,1
2023,Sweden Superettan,2023-09-24,08:00:00,complete,Utsikten,Trelleborg,1.71,3.7,4.4,1.86,2.0,1.8,2.0,2,3
2023,Sweden Superettan,2023-09-27,14:00:00,complete,AFC Eskilstuna,Västerås SK,3.5,3.5,1.85,1.74,1.9,1.73,2.0,1,2
2023,Sweden Superettan,2023-09-27,14:00:00,complete,Skövde AIK,Landskrona,2.75,3.4,2.2,1.67,2.0,1.57,2.25,4,2
2023,Sweden Superettan,2023-09-27,14:00:00,complete,Öster,Helsingborg,1.4,4.4,6.0,1.54,2.22,1.7,2.08,1,1
2023,Sweden Superettan,2023-09-27,14:20:00,complete,Östersunds FK,Brage,2.05,3.4,3.1,1.82,1.82,1.72,2.05,2,0
2023,Sweden Superettan,2023-09-28,14:00:00,complete,Örgryte,GAIS,3.55,3.5,1.97,1.71,2.14,1.68,2.15,1,4
2023,Sweden Superettan,2023-09-28,14:00:00,complete,Örebro,Utsikten,2.25,3.3,3.0,1.96,1.85,1.7,2.1,5,1
2023,Sweden Superettan,2023-09-28,14:00:00,complete,Trelleborg,Jönköpings Södra,1.96,3.5,3.6,1.71,2.14,1.55,2.38,2,1
2023,Sweden Superettan,2023-09-28,14:00:00,complete,GIF Sundsvall,Gefle,1.87,3.55,3.85,1.76,2.07,1.62,2.23,2,2
2023,Sweden Superettan,2023-10-01,10:00:00,complete,Västerås SK,Trelleborg,1.5,4.2,5.5,1.64,2.28,1.72,2.1,3,0
2023,Sweden Superettan,2023-10-02,14:00:00,complete,Utsikten,AFC Eskilstuna,1.78,3.8,3.85,1.79,1.91,1.83,1.93,1,1
2023,Sweden Superettan,2023-10-02,14:00:00,complete,Brage,Skövde AIK,1.65,3.95,4.43,1.65,2.11,1.66,2.15,3,2
2023,Sweden Superettan,2023-10-02,14:00:00,complete,Jönköpings Södra,Östersunds FK,2.7,3.4,2.38,1.78,1.93,1.64,2.2,1,1
2023,Sweden Superettan,2023-10-03,14:00:00,complete,Helsingborg,Örebro,2.37,3.15,2.81,1.83,1.81,1.68,2.15,4,1
2023,Sweden Superettan,2023-10-03,14:00:00,complete,Gefle,Örgryte,2.72,3.25,2.37,1.76,1.88,1.6,2.3,0,1
2023,Sweden Superettan,2023-10-03,14:00:00,complete,Landskrona,GIF Sundsvall,1.92,3.4,3.55,1.7,1.95,1.63,2.2,2,2
2023,Sweden Superettan,2023-10-03,14:00:00,complete,GAIS,Öster,2.02,3.35,3.3,1.7,1.95,1.66,2.2,1,0
2023,Sweden Superettan,2023-10-07,10:00:00,complete,Västerås SK,Jönköpings Södra,1.36,4.65,5.8,1.5,2.3,1.67,2.0,3,1
2023,Sweden Superettan,2023-10-07,10:00:00,complete,Skövde AIK,Gefle,1.85,3.7,3.45,1.75,2.05,1.65,2.25,3,1
2023,Sweden Superettan,2023-10-07,10:00:00,complete,Öster,Örebro,1.67,3.7,4.5,1.64,2.04,1.75,2.05,3,0
2023,Sweden Superettan,2023-10-07,12:00:00,complete,Östersunds FK,Helsingborg,2.09,3.06,3.11,2.0,1.84,1.8,2.0,1,0
2023,Sweden Superettan,2023-10-08,08:00:00,complete,AFC Eskilstuna,Landskrona,2.55,3.4,2.6,1.75,2.1,1.6,2.19,0,1
2023,Sweden Superettan,2023-10-08,08:00:00,complete,Trelleborg,GAIS,4.8,4.0,1.65,1.62,2.3,1.63,2.14,0,6
2023,Sweden Superettan,2023-10-08,10:00:00,complete,Örgryte,Utsikten,2.3,3.4,2.9,1.78,2.05,1.65,2.2,2,2
2023,Sweden Superettan,2023-10-08,10:00:00,complete,GIF Sundsvall,Brage,3.1,3.6,2.15,1.67,2.2,1.57,2.35,1,2
2023,Sweden Superettan,2023-10-21,08:00:00,complete,GAIS,Östersunds FK,1.33,5.0,8.0,1.73,1.88,1.95,1.8,2,1
2023,Sweden Superettan,2023-10-21,10:00:00,complete,Helsingborg,Gefle,1.57,4.1,5.0,1.74,1.87,1.75,2.0,0,0
2023,Sweden Superettan,2023-10-22,08:00:00,complete,Landskrona,Västerås SK,4.0,3.7,1.8,1.68,2.15,1.62,2.2,0,1
2023,Sweden Superettan,2023-10-22,10:00:00,complete,Brage,AFC Eskilstuna,1.73,3.8,4.33,1.72,2.1,1.7,2.05,4,0
2023,Sweden Superettan,2023-10-22,10:00:00,complete,Örgryte,Trelleborg,1.87,3.7,3.8,1.68,2.15,1.67,2.1,0,2
2023,Sweden Superettan,2023-10-23,14:00:00,complete,Jönköpings Södra,Skövde AIK,1.8,3.5,4.1,1.64,2.25,1.53,2.38,2,2
2023,Sweden Superettan,2023-10-24,14:00:00,complete,Utsikten,Öster,3.0,3.4,2.18,1.81,2.0,1.62,2.2,2,1
2023,Sweden Superettan,2023-10-24,14:00:00,complete,Örebro,GIF Sundsvall,1.75,3.55,4.3,1.64,2.25,1.67,2.1,0,1
2023,Sweden Superettan,2023-10-28,08:00:00,complete,Gefle,Landskrona,2.99,3.7,2.11,1.6,2.2,1.57,2.25,3,3
2023,Sweden Superettan,2023-10-28,10:00:00,complete,AFC Eskilstuna,Jönköpings Södra,2.13,3.65,2.97,1.73,2.0,1.67,2.1,2,2
2023,Sweden Superettan,2023-10-28,10:00:00,complete,Trelleborg,Helsingborg,2.56,3.65,2.42,1.7,2.05,1.62,2.25,0,0
2023,Sweden Superettan,2023-10-28,10:00:00,complete,Östersunds FK,Örebro,2.66,3.65,2.32,1.93,1.93,1.67,2.1,4,3
2023,Sweden Superettan,2023-10-29,09:00:00,complete,Västerås SK,GAIS,2.63,3.3,2.48,1.71,2.14,1.52,2.35,2,1
2023,Sweden Superettan,2023-10-29,09:00:00,complete,Skövde AIK,Utsikten,3.1,3.5,2.08,1.71,2.14,1.57,2.34,2,0
2023,Sweden Superettan,2023-10-29,09:00:00,complete,Öster,Brage,1.57,4.0,5.0,1.65,2.23,1.75,2.0,1,0
2023,Sweden Superettan,2023-10-30,15:00:00,complete,GIF Sundsvall,Örgryte,2.74,3.15,2.4,1.61,2.32,1.5,2.5,1,0
2023,Sweden Superettan,2023-11-03,15:00:00,complete,Utsikten,Gefle,1.34,5.1,7.1,1.6,2.33,1.77,1.93,0,0
2023,Sweden Superettan,2023-11-04,09:00:00,complete,Östersunds FK,Öster,4.45,4.05,1.57,1.62,2.15,1.69,2.04,1,2
2023,Sweden Superettan,2023-11-04,09:00:00,complete,Örgryte,Västerås SK,3.2,3.12,2.1,1.53,2.35,1.42,2.6,1,0
2023,Sweden Superettan,2023-11-04,09:00:00,complete,Helsingborg,Brage,2.35,2.35,3.88,1.62,2.15,1.57,2.25,2,0
2023,Sweden Superettan,2023-11-04,11:00:00,complete,Örebro,Landskrona,1.5,4.07,4.74,1.57,2.25,1.67,2.08,4,0
2023,Sweden Superettan,2023-11-05,09:00:00,complete,Jönköpings Södra,GAIS,5.54,4.5,1.49,1.5,2.4,1.62,2.2,0,2
2023,Sweden Superettan,2023-11-05,11:00:00,complete,GIF Sundsvall,AFC Eskilstuna,2.03,3.66,3.25,1.61,2.17,1.56,2.27,1,1
2023,Sweden Superettan,2023-11-05,11:00:00,complete,Trelleborg,Skövde AIK,2.29,3.6,2.79,1.62,2.17,1.5,2.5,2,2
2023,Sweden Superettan,2023-11-11,11:00:00,complete,Skövde AIK,Helsingborg,2.8,3.4,2.2,1.6,2.25,1.55,2.29,1,0
2023,Sweden Superettan,2023-11-11,11:00:00,complete,GAIS,Utsikten,2.25,3.5,2.75,1.62,2.2,1.6,2.3,0,1
2023,Sweden Superettan,2023-11-11,11:00:00,complete,Västerås SK,Östersunds FK,1.44,4.4,6.0,1.55,2.3,1.83,1.88,0,2
2023,Sweden Superettan,2023-11-11,11:00:00,complete,Landskrona,Örgryte,2.9,3.6,2.05,1.57,2.3,1.53,2.38,1,2
2023,Sweden Superettan,2023-11-11,11:00:00,complete,AFC Eskilstuna,Örebro,2.45,3.6,2.45,1.67,2.15,1.52,2.45,3,0
2023,Sweden Superettan,2023-11-11,11:00:00,complete,Gefle,Trelleborg,2.35,3.6,2.55,1.53,2.35,1.48,2.57,1,1
2023,Sweden Superettan,2023-11-11,11:00:00,complete,Brage,Jönköpings Södra,2.55,3.6,2.35,1.6,2.25,1.5,2.55,4,0
2023,Sweden Superettan,2023-11-11,11:00:00,complete,Öster,GIF Sundsvall,1.26,5.75,8.75,1.4,2.75,1.74,2.04,4,0
2024,Sweden Superettan,2024-03-30,09:00:00,complete,GIF Sundsvall,Östersunds FK,2.34,3.55,2.7,1.91,1.95,1.7,2.05,1,0
2024,Sweden Superettan,2024-03-30,11:00:00,complete,Örgryte,Utsikten,2.26,3.3,2.99,1.84,2.0,1.67,2.1,1,2
2024,Sweden Superettan,2024-03-31,10:00:00,complete,Landskrona,Sandviken,1.91,3.5,3.3,1.75,2.05,1.67,2.1,4,0
2024,Sweden Superettan,2024-03-31,10:00:00,complete,Trelleborg,Oddevold,1.95,3.5,3.25,1.85,1.95,1.67,2.1,1,2
2024,Sweden Superettan,2024-04-01,08:00:00,complete,Örebro,Skövde AIK,1.75,3.8,4.33,1.7,2.0,1.7,2.05,0,1
2024,Sweden Superettan,2024-04-01,08:00:00,complete,Gefle,Helsingborg,3.4,3.8,1.91,1.75,1.95,1.7,2.05,2,3
2024,Sweden Superettan,2024-04-01,10:00:00,complete,Brage,Varberg,2.3,3.4,2.8,1.85,1.85,1.7,2.05,1,0
2024,Sweden Superettan,2024-04-02,14:00:00,complete,Öster,Degerfors,1.97,3.78,3.6,1.68,2.07,1.62,2.2,1,1
2024,Sweden Superettan,2024-04-06,08:00:00,complete,Östersunds FK,Trelleborg,1.83,3.6,4.2,1.87,1.9,1.75,1.96,1,0
2024,Sweden Superettan,2024-04-06,10:00:00,complete,Varberg,Öster,3.0,3.4,2.17,1.78,1.98,1.63,2.18,1,2
2024,Sweden Superettan,2024-04-06,10:00:00,complete,Sandviken,Örebro,2.7,3.3,2.25,1.73,1.91,1.62,2.2,2,1
2024,Sweden Superettan,2024-04-06,10:00:00,complete,Degerfors,GIF Sundsvall,1.66,3.6,4.6,1.65,2.1,1.65,2.15,2,0
2024,Sweden Superettan,2024-04-07,08:00:00,complete,Utsikten,Gefle,1.57,4.0,5.0,1.7,2.05,1.78,1.93,0,0
2024,Sweden Superettan,2024-04-07,10:00:00,complete,Skövde AIK,Landskrona,2.75,3.5,2.25,1.7,2.05,1.57,2.25,0,0
2024,Sweden Superettan,2024-04-08,14:00:00,complete,Oddevold,Örgryte,2.05,3.4,2.9,1.75,1.91,1.62,2.18,0,0
2024,Sweden Superettan,2024-04-09,14:00:00,complete,Helsingborg,Brage,2.38,3.4,2.9,2.0,1.85,1.78,2.0,1,1
2024,Sweden Superettan,2024-04-12,14:00:00,complete,GIF Sundsvall,Skövde AIK,2.38,3.15,2.96,1.96,1.8,1.7,2.1,3,1
2024,Sweden Superettan,2024-04-13,10:00:00,complete,Landskrona,Oddevold,1.98,3.4,3.5,1.88,1.88,1.75,1.96,2,1
2024,Sweden Superettan,2024-04-13,10:00:00,complete,Varberg,Östersunds FK,2.25,3.4,2.88,1.98,1.78,1.76,1.95,2,0
2024,Sweden Superettan,2024-04-14,08:00:00,complete,Trelleborg,Sandviken,2.41,3.55,2.6,1.75,1.95,1.57,2.25,1,0
2024,Sweden Superettan,2024-04-14,10:00:00,complete,Helsingborg,Utsikten,1.99,3.6,3.35,1.9,1.87,1.7,2.0,1,1
2024,Sweden Superettan,2024-04-15,14:00:00,complete,Örgryte,Brage,2.88,3.3,2.38,1.85,1.9,1.63,2.25,1,2
2024,Sweden Superettan,2024-04-15,14:00:00,complete,Gefle,Degerfors,4.2,3.8,1.75,1.7,2.1,1.7,2.03,2,2
2024,Sweden Superettan,2024-04-16,14:00:00,complete,Öster,Örebro,1.54,4.1,5.4,1.68,2.12,1.77,1.94,2,0
2024,Sweden Superettan,2024-04-20,08:00:00,complete,Sandviken,Öster,3.8,3.55,1.87,1.89,1.88,1.68,2.15,1,0
2024,Sweden Superettan,2024-04-20,08:00:00,complete,Skövde AIK,Trelleborg,2.65,3.15,2.6,2.08,1.8,1.78,1.99,1,0
2024,Sweden Superettan,2024-04-20,10:00:00,complete,Utsikten,GIF Sundsvall,1.89,3.5,3.8,1.93,1.84,1.85,1.9,1,0
2024,Sweden Superettan,2024-04-20,10:00:00,complete,Östersunds FK,Örgryte,2.23,3.15,3.15,1.91,1.86,1.78,2.0,1,1
2024,Sweden Superettan,2024-04-21,08:00:00,complete,Oddevold,Gefle,1.8,3.4,3.9,1.95,1.75,1.88,1.88,2,1
2024,Sweden Superettan,2024-04-21,10:00:00,complete,Brage,Landskrona,1.93,3.4,3.5,1.85,1.85,1.75,2.05,1,1
2024,Sweden Superettan,2024-04-22,14:00:00,complete,Örebro,Varberg,2.5,3.3,2.73,2.0,1.73,1.8,1.95,3,1
2024,Sweden Superettan,2024-04-23,14:00:00,complete,Degerfors,Helsingborg,1.75,3.5,4.3,1.85,1.8,1.95,1.8,2,1
2024,Sweden Superettan,2024-04-27,10:00:00,complete,GIF Sundsvall,Varberg,2.36,3.14,2.58,1.72,1.9,1.67,2.1,1,1
2024,Sweden Superettan,2024-04-27,10:00:00,complete,Landskrona,Utsikten,2.2,3.3,2.8,1.98,1.88,1.78,2.0,1,0
2024,Sweden Superettan,2024-04-27,10:00:00,complete,Gefle,Sandviken,2.22,3.15,2.76,1.8,1.8,1.7,2.05,2,2
2024,Sweden Superettan,2024-04-27,12:00:00,complete,Örgryte,Öster,3.3,3.4,1.91,1.75,1.95,1.65,2.11,2,2
2024,Sweden Superettan,2024-04-28,08:00:00,complete,Helsingborg,Östersunds FK,2.25,3.3,2.9,2.01,1.83,1.8,1.95,0,0
2024,Sweden Superettan,2024-04-28,10:00:00,complete,Örebro,Brage,2.48,3.25,2.72,1.91,1.93,1.74,1.98,2,1
2024,Sweden Superettan,2024-04-29,14:00:00,complete,Trelleborg,Degerfors,3.78,3.73,1.74,1.85,1.88,1.75,2.0,1,1
2024,Sweden Superettan,2024-04-30,14:00:00,complete,Skövde AIK,Oddevold,2.7,3.1,2.3,1.95,1.7,1.67,2.1,0,0
2024,Sweden Superettan,2024-05-04,08:00:00,complete,Oddevold,GIF Sundsvall,2.3,3.2,2.62,1.95,1.75,1.8,1.95,1,0
2024,Sweden Superettan,2024-05-04,08:00:00,complete,Sandviken,Brage,2.8,3.2,2.25,2.0,1.73,1.8,1.95,0,1
2024,Sweden Superettan,2024-05-04,10:00:00,complete,Degerfors,Landskrona,1.98,3.3,3.4,2.03,1.83,1.8,1.95,1,3
2024,Sweden Superettan,2024-05-04,10:00:00,complete,Öster,Gefle,1.33,4.6,7.5,1.64,2.1,1.89,1.81,0,0
2024,Sweden Superettan,2024-05-04,10:00:00,complete,Utsikten,Skövde AIK,1.4,4.25,6.5,1.98,1.88,2.05,1.7,4,1
2024,Sweden Superettan,2024-05-05,10:00:00,complete,Östersunds FK,Örebro,2.05,3.25,3.23,1.98,1.74,1.85,1.95,1,1
2024,Sweden Superettan,2024-05-06,14:00:00,complete,Varberg,Trelleborg,1.79,3.5,3.6,1.76,1.96,1.8,1.95,0,1
2024,Sweden Superettan,2024-05-07,14:00:00,complete,Örgryte,Helsingborg,2.5,3.2,2.45,1.9,1.8,1.8,1.95,0,1
2024,Sweden Superettan,2024-05-10,14:00:00,complete,Öster,Oddevold,1.67,3.8,4.75,1.93,1.93,1.8,1.83,3,0
2024,Sweden Superettan,2024-05-11,08:00:00,complete,Trelleborg,Utsikten,2.5,3.13,2.5,1.91,1.8,1.7,2.1,2,2
2024,Sweden Superettan,2024-05-11,10:00:00,complete,GIF Sundsvall,Landskrona,2.75,3.25,2.25,1.78,1.93,1.65,2.1,1,3
2024,Sweden Superettan,2024-05-11,10:00:00,complete,Varberg,Örgryte,1.95,3.3,3.3,1.78,1.93,1.67,2.0,1,3
2024,Sweden Superettan,2024-05-12,08:00:00,complete,Gefle,Skövde AIK,2.0,3.4,3.5,1.95,1.73,1.77,1.85,2,0
2024,Sweden Superettan,2024-05-12,10:00:00,complete,Helsingborg,Sandviken,2.05,3.3,3.3,1.8,1.83,1.65,2.05,2,2
2024,Sweden Superettan,2024-05-12,10:00:00,complete,Brage,Östersunds FK,1.91,3.3,3.8,1.95,1.7,1.8,1.85,2,1
2024,Sweden Superettan,2024-05-14,14:00:00,complete,Örebro,Degerfors,2.74,3.3,2.4,1.75,1.96,1.66,2.15,2,1
2024,Sweden Superettan,2024-05-17,14:00:00,complete,Utsikten,Öster,2.7,3.2,2.3,1.83,1.85,1.68,2.15,1,1
2024,Sweden Superettan,2024-05-17,14:00:00,complete,Trelleborg,Helsingborg,2.6,3.2,2.37,1.83,1.91,1.67,2.08,0,0
2024,Sweden Superettan,2024-05-17,14:00:00,complete,Gefle,GIF Sundsvall,2.3,3.1,2.7,1.91,1.8,1.72,2.0,1,0
2024,Sweden Superettan,2024-05-18,08:00:00,complete,Skövde AIK,Östersunds FK,2.87,3.1,2.25,2.05,1.7,1.83,1.87,1,0
2024,Sweden Superettan,2024-05-18,10:00:00,complete,Oddevold,Brage,2.4,3.25,2.5,1.8,1.91,1.66,2.08,1,1
2024,Sweden Superettan,2024-05-18,10:00:00,complete,Degerfors,Örgryte,1.55,3.75,5.0,1.7,2.0,1.73,1.98,4,1
2024,Sweden Superettan,2024-05-19,08:00:00,complete,Landskrona,Örebro,1.81,3.65,3.8,1.81,1.89,1.68,2.08,0,0
2024,Sweden Superettan,2024-05-19,10:00:00,complete,Sandviken,Varberg,2.16,3.55,2.9,1.67,2.07,1.58,2.23,3,1
2024,Sweden Superettan,2024-05-22,14:00:00,complete,GIF Sundsvall,Sandviken,2.43,3.45,2.65,1.75,1.95,1.62,2.2,0,0
2024,Sweden Superettan,2024-05-22,14:00:00,complete,Östersunds FK,Gefle,1.77,3.65,4.2,1.83,1.94,1.74,1.97,4,3
2024,Sweden Superettan,2024-05-22,14:00:00,complete,Öster,Landskrona,1.79,3.7,4.0,1.82,1.96,1.71,2.0,2,1
2024,Sweden Superettan,2024-05-22,14:00:00,complete,Helsingborg,Skövde AIK,1.59,4.1,4.9,1.75,1.95,1.83,1.95,0,1
2024,Sweden Superettan,2024-05-22,14:00:00,complete,Örgryte,Trelleborg,2.34,3.5,2.75,1.81,1.97,1.6,2.25,1,2
2024,Sweden Superettan,2024-05-23,14:00:00,complete,Örebro,Utsikten,2.7,2.56,2.88,1.91,1.75,1.68,2.02,0,1
2024,Sweden Superettan,2024-05-23,14:00:00,complete,Varberg,Oddevold,3.47,2.42,2.45,2.0,1.67,1.67,2.1,2,1
2024,Sweden Superettan,2024-05-23,14:00:00,complete,Brage,Degerfors,1.46,4.13,5.54,1.8,1.83,1.65,2.1,0,1
2024,Sweden Superettan,2024-05-26,08:00:00,complete,Skövde AIK,Öster,5.75,4.0,1.5,1.8,1.91,1.72,1.98,1,2
2024,Sweden Superettan,2024-05-26,10:00:00,complete,Oddevold,Östersunds FK,2.1,3.2,3.3,2.0,1.73,1.73,1.98,1,2
2024,Sweden Superettan,2024-05-26,10:00:00,complete,Gefle,Örebro,2.5,3.25,2.6,1.91,1.8,1.71,2.0,3,1
2024,Sweden Superettan,2024-05-26,10:00:00,complete,Sandviken,Örgryte,1.97,3.35,3.55,1.73,2.0,1.66,2.07,3,1
2024,Sweden Superettan,2024-05-26,11:00:00,complete,Helsingborg,Landskrona,2.3,3.35,2.76,1.8,1.9,1.72,2.05,0,1
2024,Sweden Superettan,2024-05-27,14:00:00,complete,Trelleborg,GIF Sundsvall,1.95,3.65,3.8,1.83,1.87,1.7,2.15,3,2
2024,Sweden Superettan,2024-05-27,14:00:00,complete,Utsikten,Brage,2.56,3.7,2.56,1.7,2.03,1.75,2.0,1,0
2024,Sweden Superettan,2024-05-28,14:00:00,complete,Degerfors,Varberg,1.65,4.0,5.0,1.68,2.15,1.68,2.15,1,1
2024,Sweden Superettan,2024-06-01,08:00:00,complete,Degerfors,Utsikten,1.94,3.45,3.65,1.85,1.92,1.75,2.05,3,1
2024,Sweden Superettan,2024-06-01,10:00:00,complete,Brage,Öster,3.2,3.4,2.11,1.83,1.94,1.68,2.1,1,0
2024,Sweden Superettan,2024-06-01,10:00:00,complete,Östersunds FK,Sandviken,1.93,3.5,3.6,1.82,1.96,1.65,2.05,0,2
2024,Sweden Superettan,2024-06-01,14:00:00,complete,Landskrona,Trelleborg,1.85,3.6,3.61,1.8,1.9,1.72,2.05,2,0
2024,Sweden Superettan,2024-06-02,08:00:00,complete,Örebro,Oddevold,2.15,3.04,2.97,2.11,1.71,1.88,1.9,2,2
2024,Sweden Superettan,2024-06-02,10:00:00,complete,Örgryte,Gefle,1.97,3.55,3.45,1.74,2.06,1.64,2.12,3,0
2024,Sweden Superettan,2024-06-02,10:00:00,complete,GIF Sundsvall,Helsingborg,2.82,3.3,2.37,1.96,1.88,1.68,2.15,1,3
2024,Sweden Superettan,2024-06-02,12:00:00,complete,Varberg,Skövde AIK,1.8,3.74,4.05,1.8,1.99,1.7,2.03,2,2
2024,Sweden Superettan,2024-06-14,14:00:00,complete,Örgryte,GIF Sundsvall,1.85,3.7,4.1,1.61,2.09,1.62,2.16,1,1
2024,Sweden Superettan,2024-06-15,10:00:00,complete,Gefle,Landskrona,3.07,3.5,2.07,1.8,1.9,1.7,2.1,1,2
2024,Sweden Superettan,2024-06-15,10:00:00,complete,Skövde AIK,Degerfors,4.24,3.6,1.72,1.8,1.9,1.76,1.95,0,2
2024,Sweden Superettan,2024-06-15,10:00:00,complete,Utsikten,Varberg,1.85,3.65,3.57,1.8,1.9,1.75,2.05,0,1
2024,Sweden Superettan,2024-06-16,10:00:00,complete,Helsingborg,Örebro,1.85,3.4,3.84,1.96,1.75,1.8,1.95,1,0
2024,Sweden Superettan,2024-06-16,10:00:00,complete,Öster,Östersunds FK,1.52,4.15,5.1,1.53,2.34,1.7,2.05,1,1
2024,Sweden Superettan,2024-06-16,12:00:00,complete,Sandviken,Oddevold,2.0,3.4,3.32,1.93,1.78,1.8,1.95,2,0
2024,Sweden Superettan,2024-06-17,14:00:00,complete,Trelleborg,Brage,3.02,3.43,2.34,1.85,1.85,1.53,2.38,1,0
2024,Sweden Superettan,2024-06-23,10:00:00,complete,Oddevold,Degerfors,3.0,3.2,2.25,1.95,1.75,1.8,1.9,1,1
2024,Sweden Superettan,2024-06-23,10:00:00,complete,Östersunds FK,Utsikten,2.3,3.25,2.88,1.91,1.8,1.72,2.0,1,0
2024,Sweden Superettan,2024-06-23,10:00:00,complete,Brage,GIF Sundsvall,1.65,3.8,4.5,1.73,2.0,1.75,2.0,5,0
2024,Sweden Superettan,2024-06-23,12:00:00,complete,Varberg,Gefle,1.75,3.5,3.75,1.73,1.91,1.71,2.02,4,3
2024,Sweden Superettan,2024-06-23,12:00:00,complete,Skövde AIK,Sandviken,3.1,3.4,2.0,1.8,1.85,1.68,2.13,0,2
2024,Sweden Superettan,2024-06-24,14:00:00,complete,Öster,Helsingborg,1.98,3.42,3.97,1.85,1.85,1.67,2.1,4,0
2024,Sweden Superettan,2024-06-24,14:00:00,complete,Örebro,Trelleborg,2.5,3.25,2.93,2.25,1.57,1.67,2.1,1,1
2024,Sweden Superettan,2024-06-24,14:00:00,complete,Landskrona,Örgryte,1.77,3.38,5.25,1.81,1.9,1.67,2.1,4,3
2024,Sweden Superettan,2024-06-28,14:00:00,complete,Helsingborg,Varberg,1.87,3.64,3.84,2.18,1.58,1.95,1.8,1,0
2024,Sweden Superettan,2024-06-28,14:00:00,complete,Brage,Gefle,1.52,4.35,5.5,1.74,1.96,2.0,1.75,2,2
2024,Sweden Superettan,2024-06-29,10:00:00,complete,Degerfors,Sandviken,1.8,3.3,4.1,1.76,2.04,1.91,1.91,4,1
2024,Sweden Superettan,2024-06-29,10:00:00,complete,GIF Sundsvall,Örebro,2.63,3.1,2.5,1.98,1.88,1.95,1.8,1,3
2024,Sweden Superettan,2024-06-29,10:00:00,complete,Utsikten,Oddevold,1.7,3.5,4.5,2.0,1.85,1.8,1.95,2,3
2024,Sweden Superettan,2024-06-30,08:00:00,complete,Landskrona,Östersunds FK,1.73,3.75,4.1,1.65,2.08,1.57,2.25,4,3
2024,Sweden Superettan,2024-06-30,10:00:00,complete,Örgryte,Skövde AIK,1.6,3.9,4.8,1.73,1.98,1.74,1.98,2,0
2024,Sweden Superettan,2024-06-30,10:00:00,complete,Trelleborg,Öster,3.65,3.55,1.89,1.86,1.82,1.74,1.98,1,4
2024,Sweden Superettan,2024-07-20,10:00:00,complete,Gefle,Trelleborg,2.25,3.5,2.6,1.6,2.17,1.55,2.4,2,2
2024,Sweden Superettan,2024-07-20,10:00:00,complete,Öster,GIF Sundsvall,1.2,5.8,9.5,1.36,2.89,1.72,2.05,2,0
2024,Sweden Superettan,2024-07-20,10:00:00,complete,Oddevold,Helsingborg,2.2,3.2,2.9,1.98,1.73,1.83,1.95,0,3
2024,Sweden Superettan,2024-07-20,12:00:00,complete,Örebro,Örgryte,1.84,3.75,3.6,1.66,2.08,1.6,2.3,0,0
2024,Sweden Superettan,2024-07-21,08:00:00,complete,Sandviken,Utsikten,1.86,3.66,3.86,1.83,1.85,1.7,2.1,1,2
2024,Sweden Superettan,2024-07-21,08:00:00,complete,Östersunds FK,Degerfors,2.72,3.35,2.48,1.87,1.9,1.68,2.15,2,1
2024,Sweden Superettan,2024-07-21,10:00:00,complete,Skövde AIK,Brage,4.1,3.9,1.72,1.72,2.0,1.68,2.1,1,0
2024,Sweden Superettan,2024-07-22,14:00:00,complete,Varberg,Landskrona,2.75,3.25,2.25,1.75,1.95,1.66,2.2,1,1
2024,Sweden Superettan,2024-07-27,08:00:00,complete,Utsikten,Sandviken,2.3,3.55,2.77,1.72,1.93,1.6,2.25,2,1
2024,Sweden Superettan,2024-07-27,10:00:00,complete,Östersunds FK,Varberg,1.93,3.63,3.52,1.67,2.0,1.8,1.95,2,1
2024,Sweden Superettan,2024-07-27,10:00:00,complete,Degerfors,Skövde AIK,1.49,4.23,5.65,1.64,2.04,1.9,1.85,2,0
2024,Sweden Superettan,2024-07-28,08:00:00,complete,GIF Sundsvall,Trelleborg,2.45,3.55,2.5,1.67,2.07,1.57,2.3,2,1
2024,Sweden Superettan,2024-07-28,10:00:00,complete,Landskrona,Gefle,1.5,4.25,5.4,1.66,2.08,1.67,2.1,0,2
2024,Sweden Superettan,2024-07-28,10:00:00,complete,Brage,Örebro,1.71,3.75,4.2,1.79,1.91,1.7,2.1,2,0
2024,Sweden Superettan,2024-07-29,14:00:00,complete,Örgryte,Oddevold,2.3,3.2,2.95,1.98,1.9,1.7,2.05,4,2
2024,Sweden Superettan,2024-07-29,14:00:00,complete,Helsingborg,Öster,3.1,3.5,2.05,2.03,1.85,1.75,2.0,3,2
2024,Sweden Superettan,2024-08-02,14:00:00,complete,GIF Sundsvall,Utsikten,2.6,3.4,2.3,1.68,2.02,1.59,2.21,1,0
2024,Sweden Superettan,2024-08-02,14:00:00,complete,Örebro,Östersunds FK,2.1,3.5,2.9,1.72,1.98,1.63,2.14,4,1
2024,Sweden Superettan,2024-08-03,10:00:00,complete,Degerfors,Oddevold,1.7,3.9,4.55,1.87,1.83,1.91,1.91,2,2
2024,Sweden Superettan,2024-08-03,12:00:00,complete,Sandviken,Gefle,1.65,3.9,4.4,1.53,2.25,1.7,2.1,4,0
2024,Sweden Superettan,2024-08-03,12:00:00,complete,Varberg,Helsingborg,2.9,3.4,2.25,1.73,1.95,1.67,2.1,0,3
2024,Sweden Superettan,2024-08-04,08:00:00,complete,Skövde AIK,Örgryte,2.9,3.55,2.18,1.7,2.02,1.62,2.2,0,2
2024,Sweden Superettan,2024-08-04,10:00:00,complete,Trelleborg,Landskrona,3.0,3.65,2.08,1.65,2.1,1.57,2.25,1,3
2024,Sweden Superettan,2024-08-04,10:00:00,complete,Öster,Brage,1.57,4.1,4.9,1.64,2.1,1.7,2.05,0,2
2024,Sweden Superettan,2024-08-09,14:00:00,complete,Brage,Skövde AIK,1.46,4.23,6.1,1.65,2.05,2.0,1.8,2,0
2024,Sweden Superettan,2024-08-10,08:00:00,complete,Gefle,Varberg,2.15,3.3,3.1,1.65,2.1,1.62,2.25,0,4
2024,Sweden Superettan,2024-08-10,10:00:00,complete,Utsikten,Trelleborg,1.95,3.5,3.4,1.67,2.1,1.6,2.27,0,2
2024,Sweden Superettan,2024-08-10,10:00:00,complete,Östersunds FK,Öster,3.6,3.75,1.83,1.57,2.25,1.52,2.46,0,0
2024,Sweden Superettan,2024-08-11,08:00:00,complete,Oddevold,Sandviken,2.35,3.45,2.75,1.67,2.0,1.62,2.2,2,2
2024,Sweden Superettan,2024-08-12,14:00:00,complete,Örgryte,Örebro,2.3,3.55,2.65,1.58,2.14,1.52,2.33,3,1
2024,Sweden Superettan,2024-08-12,14:00:00,complete,Landskrona,GIF Sundsvall,1.3,5.25,7.4,1.44,2.48,1.73,1.98,0,0
2024,Sweden Superettan,2024-08-13,14:00:00,complete,Helsingborg,Degerfors,2.44,3.35,2.59,1.82,1.88,1.7,2.05,1,1
2024,Sweden Superettan,2024-08-16,14:00:00,complete,Varberg,GIF Sundsvall,1.73,3.8,4.0,1.64,2.1,1.62,2.24,3,0
2024,Sweden Superettan,2024-08-16,14:00:00,complete,Oddevold,Utsikten,2.12,3.38,3.38,1.9,1.88,1.73,1.99,2,1
2024,Sweden Superettan,2024-08-17,08:00:00,complete,Trelleborg,Östersunds FK,2.32,3.23,2.57,1.66,2.08,1.57,2.35,1,0
2024,Sweden Superettan,2024-08-17,08:00:00,complete,Öster,Örgryte,1.43,4.26,5.13,1.48,2.47,1.53,2.34,1,0
2024,Sweden Superettan,2024-08-17,10:00:00,complete,Skövde AIK,Helsingborg,4.2,3.6,1.83,1.95,1.9,1.91,1.91,1,3
2024,Sweden Superettan,2024-08-17,10:00:00,complete,Örebro,Gefle,1.73,4.0,4.2,1.6,2.17,1.6,2.1,4,1
2024,Sweden Superettan,2024-08-18,08:00:00,complete,Degerfors,Brage,1.71,4.3,3.43,1.78,1.98,1.62,2.2,1,1
2024,Sweden Superettan,2024-08-18,10:00:00,complete,Sandviken,Landskrona,2.29,3.5,2.69,1.65,2.11,1.56,2.27,2,0
2024,Sweden Superettan,2024-08-25,08:00:00,complete,Östersunds FK,Skövde AIK,1.4,5.0,7.0,1.62,2.3,1.85,1.9,2,2
2024,Sweden Superettan,2024-08-25,10:00:00,complete,Gefle,Öster,4.6,4.0,1.53,1.53,2.34,1.63,2.2,2,1
2024,Sweden Superettan,2024-08-25,12:00:00,complete,Sandviken,Trelleborg,1.67,3.7,4.0,1.55,2.2,1.6,2.3,4,0
2024,Sweden Superettan,2024-08-26,14:00:00,complete,Örgryte,Degerfors,2.75,3.3,2.2,1.65,2.05,1.5,2.35,1,3
2024,Sweden Superettan,2024-08-26,14:00:00,complete,Landskrona,Varberg,1.48,4.2,5.0,1.55,2.2,1.7,2.02,1,4
2024,Sweden Superettan,2024-08-26,14:00:00,complete,GIF Sundsvall,Oddevold,2.75,3.3,2.2,1.75,1.91,1.55,2.2,3,0
2024,Sweden Superettan,2024-08-27,14:00:00,complete,Utsikten,Örebro,2.45,3.4,2.45,1.8,1.9,1.62,2.2,3,2
2024,Sweden Superettan,2024-08-27,14:00:00,complete,Brage,Helsingborg,2.05,3.4,3.1,1.88,1.8,1.7,2.05,0,3
2024,Sweden Superettan,2024-08-31,08:00:00,complete,Örebro,GIF Sundsvall,1.53,4.1,5.0,1.61,2.15,1.7,2.05,0,0
2024,Sweden Superettan,2024-08-31,08:00:00,complete,Degerfors,Östersunds FK,1.8,3.6,3.8,1.67,2.07,1.67,2.15,2,0
2024,Sweden Superettan,2024-08-31,10:00:00,complete,Varberg,Utsikten,2.37,3.4,2.6,1.8,1.9,1.67,2.1,1,1
2024,Sweden Superettan,2024-08-31,10:00:00,complete,Öster,Sandviken,1.7,3.9,4.0,1.53,2.35,1.53,2.4,2,2
2024,Sweden Superettan,2024-09-01,08:00:00,complete,Oddevold,Landskrona,2.8,3.3,2.35,1.92,1.78,1.73,2.1,0,3
2024,Sweden Superettan,2024-09-01,10:00:00,complete,Helsingborg,Trelleborg,1.73,3.75,4.1,1.7,2.02,1.7,2.05,0,3
2024,Sweden Superettan,2024-09-01,10:00:00,complete,Skövde AIK,Gefle,2.75,3.5,2.28,1.72,1.98,1.57,2.38,0,1
2024,Sweden Superettan,2024-09-01,12:00:00,complete,Brage,Örgryte,1.57,4.0,4.4,1.6,2.2,1.62,2.2,0,2
2024,Sweden Superettan,2024-09-13,14:00:00,complete,Landskrona,Öster,2.5,3.35,2.5,1.65,2.11,1.55,2.4,0,0
2024,Sweden Superettan,2024-09-13,14:00:00,complete,Trelleborg,Örebro,2.55,3.35,2.5,1.65,2.11,1.6,2.3,2,1
2024,Sweden Superettan,2024-09-13,14:00:00,complete,Östersunds FK,Helsingborg,2.5,3.3,2.6,1.75,1.96,1.62,2.2,1,0
2024,Sweden Superettan,2024-09-14,08:00:00,complete,Oddevold,Varberg,2.15,3.4,3.1,1.7,2.0,1.62,2.2,3,2
2024,Sweden Superettan,2024-09-14,10:00:00,complete,GIF Sundsvall,Brage,3.45,3.45,1.95,1.78,1.98,1.67,2.1,0,0
2024,Sweden Superettan,2024-09-14,10:00:00,complete,Utsikten,Degerfors,3.15,3.35,2.15,1.83,1.95,1.67,2.1,0,3
2024,Sweden Superettan,2024-09-14,10:00:00,complete,Sandviken,Skövde AIK,1.27,5.75,9.0,1.45,2.55,1.8,1.95,2,2
2024,Sweden Superettan,2024-09-15,10:00:00,complete,Gefle,Örgryte,2.73,3.55,2.32,1.62,2.2,1.48,2.43,2,3
2024,Sweden Superettan,2024-09-18,14:00:00,complete,Östersunds FK,GIF Sundsvall,1.65,3.8,4.5,1.73,2.0,1.67,2.15,1,2
2024,Sweden Superettan,2024-09-18,14:00:00,complete,Öster,Trelleborg,1.5,4.2,5.5,1.6,2.2,1.6,2.3,4,1
2024,Sweden Superettan,2024-09-18,14:00:00,complete,Skövde AIK,Varberg,3.0,3.4,2.15,1.73,2.0,1.62,2.2,2,2
2024,Sweden Superettan,2024-09-18,14:00:00,complete,Brage,Utsikten,1.73,3.6,4.33,1.73,2.0,1.65,2.2,0,0
2024,Sweden Superettan,2024-09-18,14:00:00,complete,Örebro,Sandviken,2.2,3.6,2.8,1.57,2.25,1.53,2.45,1,0
2024,Sweden Superettan,2024-09-19,14:00:00,complete,Helsingborg,Oddevold,2.0,3.35,3.45,2.08,1.92,1.8,2.0,0,0
2024,Sweden Superettan,2024-09-19,14:00:00,complete,Örgryte,Landskrona,2.8,3.55,2.2,1.65,2.15,1.53,2.45,2,1
2024,Sweden Superettan,2024-09-19,14:00:00,complete,Degerfors,Gefle,1.41,5.0,5.6,1.5,2.9,1.8,2.0,1,0
2024,Sweden Superettan,2024-09-22,10:00:00,complete,Trelleborg,Skövde AIK,1.53,4.2,5.0,1.6,2.3,1.67,2.1,1,1
2024,Sweden Superettan,2024-09-22,10:00:00,complete,Varberg,Brage,2.7,3.5,2.25,1.75,2.05,1.55,2.2,0,1
2024,Sweden Superettan,2024-09-23,14:00:00,complete,GIF Sundsvall,Öster,4.5,3.9,1.6,1.7,2.0,1.72,2.1,0,2
2024,Sweden Superettan,2024-09-23,14:00:00,complete,Sandviken,Degerfors,2.2,3.45,2.8,1.65,2.1,1.57,2.3,0,1
2024,Sweden Superettan,2024-09-23,14:00:00,complete,Oddevold,Örebro,2.35,3.15,2.75,1.85,1.85,1.72,2.05,0,0
2024,Sweden Superettan,2024-09-24,14:00:00,complete,Landskrona,Helsingborg,2.13,3.2,3.2,1.75,1.95,1.7,2.05,0,1
2024,Sweden Superettan,2024-09-24,14:00:00,complete,Gefle,Östersunds FK,2.7,3.4,2.33,1.65,2.1,1.56,2.27,0,0
2024,Sweden Superettan,2024-09-24,14:00:00,complete,Utsikten,Örgryte,2.34,3.2,2.8,1.8,1.9,1.57,2.25,1,1
2024,Sweden Superettan,2024-09-28,10:00:00,complete,Degerfors,Trelleborg,1.55,4.25,5.3,1.64,2.22,1.65,2.2,2,0
2024,Sweden Superettan,2024-09-28,10:00:00,complete,Skövde AIK,GIF Sundsvall,2.66,3.36,2.52,1.8,1.85,1.65,2.1,0,2
2024,Sweden Superettan,2024-09-28,12:00:00,complete,Brage,Sandviken,1.98,3.73,3.35,1.61,2.27,1.5,2.55,1,2
2024,Sweden Superettan,2024-09-28,12:00:00,complete,Örgryte,Varberg,2.08,3.62,3.2,1.65,2.2,1.57,2.3,3,3
2024,Sweden Superettan,2024-09-28,13:00:00,complete,Örebro,Landskrona,2.38,3.45,2.78,1.71,2.1,1.6,2.25,1,0
2024,Sweden Superettan,2024-09-29,10:00:00,complete,Helsingborg,Gefle,1.4,4.2,5.75,1.55,2.2,1.76,1.95,4,0
2024,Sweden Superettan,2024-09-30,14:00:00,complete,Öster,Utsikten,1.38,4.6,6.75,1.6,2.2,1.7,2.05,5,2
2024,Sweden Superettan,2024-09-30,14:00:00,complete,Östersunds FK,Oddevold,2.05,3.4,3.2,1.78,1.98,1.67,2.1,0,2
2024,Sweden Superettan,2024-10-04,14:00:00,complete,Landskrona,Skövde AIK,1.35,5.0,7.2,1.54,2.31,1.87,1.9,4,1
2024,Sweden Superettan,2024-10-05,08:00:00,complete,Sandviken,Östersunds FK,1.62,3.9,4.2,1.55,2.3,1.53,2.25,3,1
2024,Sweden Superettan,2024-10-05,08:00:00,complete,Utsikten,Helsingborg,3.4,3.4,1.91,1.85,1.92,1.71,2.02,4,0
2024,Sweden Superettan,2024-10-05,10:00:00,complete,Gefle,Brage,3.6,3.6,1.8,1.73,2.0,1.57,2.38,2,1
2024,Sweden Superettan,2024-10-05,10:00:00,complete,Varberg,Örebro,2.5,3.5,2.38,1.7,2.07,1.56,2.27,1,1
2024,Sweden Superettan,2024-10-06,08:00:00,complete,Trelleborg,Örgryte,2.2,3.5,3.0,1.67,2.1,1.5,2.5,1,0
2024,Sweden Superettan,2024-10-06,10:00:00,complete,GIF Sundsvall,Degerfors,4.2,3.6,1.8,1.85,1.85,1.8,1.95,1,2
2024,Sweden Superettan,2024-10-06,10:00:00,complete,Oddevold,Öster,3.25,3.3,1.95,1.73,1.91,1.65,2.2,1,1
2024,Sweden Superettan,2024-10-18,14:00:00,complete,Örgryte,Sandviken,2.8,3.7,2.3,1.5,2.4,1.5,2.5,4,2
2024,Sweden Superettan,2024-10-19,08:00:00,complete,Gefle,Oddevold,2.69,3.1,2.3,1.98,1.9,1.7,2.05,1,1
2024,Sweden Superettan,2024-10-19,08:00:00,complete,Skövde AIK,Utsikten,3.01,3.21,2.06,1.85,1.99,1.67,2.1,1,1
2024,Sweden Superettan,2024-10-19,10:00:00,complete,Östersunds FK,Landskrona,3.12,3.29,2.09,1.89,1.99,1.7,2.05,2,1
2024,Sweden Superettan,2024-10-19,10:00:00,complete,Brage,Trelleborg,1.61,3.64,4.26,1.6,2.2,1.7,2.05,1,0
2024,Sweden Superettan,2024-10-20,10:00:00,complete,Öster,Varberg,1.47,4.5,5.95,1.73,1.99,1.7,2.05,3,4
2024,Sweden Superettan,2024-10-21,14:00:00,complete,Helsingborg,GIF Sundsvall,1.5,4.2,5.7,1.7,2.05,1.91,1.91,2,1
2024,Sweden Superettan,2024-10-22,14:00:00,complete,Degerfors,Örebro,1.54,4.1,5.22,1.7,2.03,1.8,1.95,1,2
2024,Sweden Superettan,2024-10-26,08:00:00,complete,Landskrona,Brage,2.05,3.5,3.1,1.75,1.95,1.65,2.11,3,0
2024,Sweden Superettan,2024-10-26,08:00:00,complete,Utsikten,Östersunds FK,2.4,3.3,2.6,1.78,1.9,1.65,2.11,3,1
2024,Sweden Superettan,2024-10-26,08:00:00,complete,Sandviken,Helsingborg,1.87,3.7,3.4,1.58,2.2,1.57,2.25,2,2
2024,Sweden Superettan,2024-10-26,10:00:00,complete,GIF Sundsvall,Örgryte,2.6,3.4,2.37,1.7,2.0,1.62,2.2,1,1
2024,Sweden Superettan,2024-10-26,10:00:00,complete,Trelleborg,Gefle,1.73,3.75,3.9,1.58,2.2,1.58,2.23,1,0
2024,Sweden Superettan,2024-10-27,09:00:00,complete,Varberg,Degerfors,2.55,3.48,2.56,1.71,2.04,1.62,2.2,0,0
2024,Sweden Superettan,2024-10-27,11:00:00,complete,Örebro,Öster,2.98,3.45,2.23,1.66,2.1,1.62,2.2,0,1
2024,Sweden Superettan,2024-10-28,15:00:00,complete,Oddevold,Skövde AIK,1.49,4.3,5.4,1.7,2.05,1.87,1.9,2,2
2024,Sweden Superettan,2024-11-02,09:00:00,complete,Landskrona,Degerfors,2.24,3.5,2.96,1.78,1.93,1.65,2.11,1,1
2024,Sweden Superettan,2024-11-02,09:00:00,complete,Gefle,Utsikten,2.06,3.52,3.32,1.71,2.02,1.64,2.12,2,0
2024,Sweden Superettan,2024-11-02,11:00:00,complete,Sandviken,GIF Sundsvall,1.52,4.45,5.35,1.56,2.29,1.66,2.09,1,2
2024,Sweden Superettan,2024-11-02,11:00:00,complete,Trelleborg,Varberg,2.67,3.62,2.38,1.61,2.17,1.53,2.34,0,1
2024,Sweden Superettan,2024-11-03,11:00:00,complete,Örebro,Helsingborg,2.3,3.4,2.7,1.78,1.9,1.66,2.09,2,1
2024,Sweden Superettan,2024-11-03,11:00:00,complete,Brage,Oddevold,2.35,3.4,2.65,1.78,1.9,1.67,2.1,1,2
2024,Sweden Superettan,2024-11-03,11:00:00,complete,Öster,Skövde AIK,1.21,6.25,10.5,1.44,2.59,1.95,1.8,5,2
2024,Sweden Superettan,2024-11-04,15:00:00,complete,Örgryte,Östersunds FK,2.71,3.58,2.34,1.75,1.91,1.67,2.1,2,1
2024,Sweden Superettan,2024-11-09,11:00:00,complete,Degerfors,Öster,3.1,3.3,2.0,1.7,2.0,1.57,2.25,1,2
2024,Sweden Superettan,2024-11-09,11:00:00,complete,Helsingborg,Örgryte,1.5,4.0,5.0,1.57,2.25,1.67,2.1,1,2
2024,Sweden Superettan,2024-11-09,11:00:00,complete,Skövde AIK,Örebro,4.2,3.7,1.65,1.75,1.95,1.72,2.0,2,2
2024,Sweden Superettan,2024-11-09,11:00:00,complete,Utsikten,Landskrona,4.8,3.9,1.55,1.65,2.1,1.71,2.02,3,0
2024,Sweden Superettan,2024-11-09,11:00:00,complete,Östersunds FK,Brage,1.8,3.5,3.6,1.67,2.05,1.67,2.1,1,1
2024,Sweden Superettan,2024-11-09,11:00:00,complete,GIF Sundsvall,Gefle,1.8,3.4,3.7,1.8,1.95,1.64,2.12,3,0
2024,Sweden Superettan,2024-11-09,11:00:00,complete,Oddevold,Trelleborg,1.95,3.4,3.2,1.75,1.95,1.71,2.02,0,3
2024,Sweden Superettan,2024-11-09,11:00:00,complete,Varberg,Sandviken,2.45,3.6,2.3,1.58,2.24,1.5,2.41,2,1
2025,Sweden Superettan,2025-03-29,11:00:00,complete,GIF Sundsvall,Helsingborg,2.85,3.6,2.26,1.89,1.85,1.8,1.95,2,0
2025,Sweden Superettan,2025-03-29,11:00:00,complete,Sandviken,Kalmar,2.79,3.59,2.31,1.7,2.03,1.62,2.2,0,0
2025,Sweden Superettan,2025-03-29,11:00:00,complete,Örgryte,Utsikten,1.91,3.64,3.7,1.67,2.0,1.67,2.1,2,1
2025,Sweden Superettan,2025-03-29,13:00:00,complete,Falkenberg,Varberg,2.29,3.5,2.89,1.85,1.89,1.75,2.0,2,2
2025,Sweden Superettan,2025-03-30,08:00:00,complete,Landskrona,Brage,1.99,3.53,3.52,1.8,1.94,1.7,2.05,2,2
2025,Sweden Superettan,2025-03-30,10:00:00,complete,Trelleborg,Östersunds FK,1.9,3.34,4.1,1.79,1.95,1.7,2.05,0,1
2025,Sweden Superettan,2025-03-31,14:00:00,complete,Oddevold,Umeå,1.65,3.89,4.9,1.7,1.95,1.91,1.91,1,0
2025,Sweden Superettan,2025-04-01,14:15:00,complete,Örebro,Västerås SK,3.3,3.31,2.15,1.94,1.8,1.8,1.95,0,2
2025,Sweden Superettan,2025-04-05,08:00:00,complete,Utsikten,Oddevold,2.97,3.23,2.36,1.94,1.8,1.75,2.0,0,2
2025,Sweden Superettan,2025-04-05,10:00:00,complete,Helsingborg,Sandviken,1.83,3.87,3.77,1.87,1.87,1.75,2.0,1,2
2025,Sweden Superettan,2025-04-05,10:00:00,complete,Östersunds FK,Landskrona,2.52,3.4,2.63,1.85,1.89,1.75,2.0,3,3
2025,Sweden Superettan,2025-04-05,10:00:00,complete,Kalmar,GIF Sundsvall,1.48,4.4,5.9,1.82,1.88,1.95,1.8,1,0
2025,Sweden Superettan,2025-04-06,08:00:00,complete,Umeå,Trelleborg,3.02,3.69,2.14,1.72,2.03,1.55,2.2,0,1
2025,Sweden Superettan,2025-04-07,14:00:00,complete,Brage,Falkenberg,1.68,4.0,4.4,1.77,1.98,1.65,2.02,0,2
2025,Sweden Superettan,2025-04-07,14:00:00,complete,Varberg,Örebro,2.08,3.67,3.16,1.87,1.87,1.7,1.97,2,1
2025,Sweden Superettan,2025-04-08,14:00:00,complete,Västerås SK,Örgryte,1.46,4.7,5.7,1.67,2.0,1.8,1.95,1,1
2025,Sweden Superettan,2025-04-11,14:00:00,complete,Oddevold,Kalmar,3.55,3.0,2.05,2.05,1.7,1.92,1.91,1,3
2025,Sweden Superettan,2025-04-12,08:00:00,complete,Sandviken,Trelleborg,1.99,3.83,3.27,1.83,1.91,1.55,2.29,2,0
2025,Sweden Superettan,2025-04-12,10:00:00,complete,Örgryte,GIF Sundsvall,1.62,4.1,4.8,1.79,1.95,1.69,2.04,0,0
2025,Sweden Superettan,2025-04-12,10:00:00,complete,Landskrona,Utsikten,1.69,3.97,4.4,1.77,1.98,1.78,1.93,2,1
2025,Sweden Superettan,2025-04-12,10:00:00,complete,Oddevold,Kalmar,2.64,3.51,2.46,1.91,1.83,1.78,1.93,1,3
2025,Sweden Superettan,2025-04-12,12:00:00,complete,Umeå,Östersunds FK,2.64,3.67,2.39,1.67,2.1,1.62,2.16,2,2
2025,Sweden Superettan,2025-04-13,10:00:00,complete,Brage,Varberg,1.95,3.78,3.41,1.77,1.98,1.67,2.07,1,1
2025,Sweden Superettan,2025-04-14,14:00:00,complete,Västerås SK,Falkenberg,1.46,4.6,5.9,1.67,2.0,1.79,1.92,1,0
2025,Sweden Superettan,2025-04-15,14:00:00,complete,Örebro,Helsingborg,2.42,3.41,2.75,1.95,1.79,1.75,1.96,0,2
2025,Sweden Superettan,2025-04-19,10:00:00,complete,Örgryte,Örebro,2.13,3.61,3.1,1.75,2.0,1.57,2.16,3,0
2025,Sweden Superettan,2025-04-19,10:00:00,complete,Falkenberg,Oddevold,2.19,3.64,2.95,1.77,1.98,1.58,2.14,2,2
2025,Sweden Superettan,2025-04-20,08:00:00,complete,Utsikten,Sandviken,2.96,3.79,2.14,1.73,1.91,1.49,2.35,4,1
2025,Sweden Superettan,2025-04-20,10:00:00,complete,Trelleborg,Brage,2.15,3.67,3.0,1.77,1.98,1.6,2.12,0,1
2025,Sweden Superettan,2025-04-20,10:00:00,complete,GIF Sundsvall,Landskrona,2.87,3.36,2.36,1.94,1.8,1.72,2.0,1,2
2025,Sweden Superettan,2025-04-20,12:00:00,complete,Kalmar,Östersunds FK,1.44,4.5,6.4,1.78,1.94,1.79,1.85,2,0
2025,Sweden Superettan,2025-04-21,08:00:00,complete,Varberg,Umeå,1.57,4.3,5.0,1.73,1.91,1.8,1.95,4,0
2025,Sweden Superettan,2025-04-22,14:00:00,complete,Helsingborg,Västerås SK,2.63,3.38,2.53,1.98,1.77,1.65,2.05,2,0
2025,Sweden Superettan,2025-04-26,10:00:00,complete,Östersunds FK,Örgryte,2.25,3.62,2.86,1.65,2.13,1.66,2.09,2,1
2025,Sweden Superettan,2025-04-26,10:00:00,complete,Landskrona,Sandviken,2.12,3.39,3.29,1.85,1.89,1.7,2.05,1,0
2025,Sweden Superettan,2025-04-26,10:00:00,complete,Oddevold,GIF Sundsvall,1.74,3.94,4.1,2.23,1.58,1.9,1.8,1,2
2025,Sweden Superettan,2025-04-27,08:00:00,complete,Umeå,Brage,3.19,3.73,2.05,1.75,1.91,1.51,2.39,0,1
2025,Sweden Superettan,2025-04-27,08:00:00,complete,Trelleborg,Varberg,1.91,3.72,3.59,1.83,1.8,1.61,2.17,0,4
2025,Sweden Superettan,2025-04-27,08:00:00,complete,Helsingborg,Kalmar,2.55,3.35,2.63,1.91,1.83,1.7,2.03,1,5
2025,Sweden Superettan,2025-04-28,14:00:00,complete,Utsikten,Västerås SK,3.89,3.79,1.82,1.65,2.05,1.62,2.2,2,2
2025,Sweden Superettan,2025-04-29,14:00:00,complete,Falkenberg,Örebro,2.03,3.3,3.65,1.91,1.83,1.75,2.0,2,1
2025,Sweden Superettan,2025-05-03,08:00:00,complete,GIF Sundsvall,Utsikten,2.15,3.61,3.05,1.82,1.92,1.8,1.95,2,2
2025,Sweden Superettan,2025-05-03,08:00:00,complete,Sandviken,Oddevold,1.78,3.78,4.1,1.77,1.98,1.75,2.0,0,2
2025,Sweden Superettan,2025-05-03,10:00:00,complete,Varberg,Helsingborg,2.39,3.57,2.7,1.77,1.98,1.75,2.0,1,0
2025,Sweden Superettan,2025-05-03,10:00:00,complete,Umeå,Landskrona,3.29,3.81,1.99,1.73,1.91,1.7,2.05,0,2
2025,Sweden Superettan,2025-05-04,10:00:00,complete,Örgryte,Falkenberg,2.02,3.7,3.29,1.65,2.13,1.57,2.15,4,2
2025,Sweden Superettan,2025-05-05,14:00:00,complete,Örebro,Trelleborg,2.31,3.45,2.89,1.89,1.85,1.67,2.0,0,0
2025,Sweden Superettan,2025-05-05,14:00:00,complete,Brage,Östersunds FK,1.9,3.39,4.0,1.91,1.83,1.8,1.95,0,2
2025,Sweden Superettan,2025-05-06,14:00:00,complete,Västerås SK,Kalmar,2.31,3.31,2.6,1.83,1.87,1.7,2.05,2,2
2025,Sweden Superettan,2025-05-10,08:00:00,complete,Sandviken,Umeå,1.53,4.1,4.5,1.7,1.95,1.8,1.95,2,1
2025,Sweden Superettan,2025-05-10,10:00:00,complete,Oddevold,Örebro,1.88,3.34,3.47,2.01,1.71,1.91,1.91,2,1
2025,Sweden Superettan,2025-05-10,10:00:00,complete,Utsikten,Falkenberg,2.37,3.39,2.48,1.87,1.83,1.75,2.0,2,2
2025,Sweden Superettan,2025-05-10,10:00:00,complete,GIF Sundsvall,Västerås SK,3.77,3.63,1.73,1.76,1.94,1.75,2.0,1,2
2025,Sweden Superettan,2025-05-11,08:00:00,complete,Östersunds FK,Varberg,2.03,3.45,2.97,1.85,1.85,1.75,2.0,0,1
2025,Sweden Superettan,2025-05-11,10:00:00,complete,Kalmar,Trelleborg,1.49,4.0,5.0,1.91,1.79,2.0,1.75,2,0
2025,Sweden Superettan,2025-05-12,14:00:00,complete,Landskrona,Örgryte,1.8,3.45,3.64,1.7,1.95,1.67,2.1,1,1
2025,Sweden Superettan,2025-05-13,14:00:00,complete,Helsingborg,Brage,1.88,3.41,3.41,1.88,1.82,1.8,1.95,1,0
2025,Sweden Superettan,2025-05-16,14:00:00,complete,Falkenberg,Kalmar,3.47,3.52,1.83,1.81,1.89,1.75,1.93,0,0
2025,Sweden Superettan,2025-05-16,14:00:00,complete,Örgryte,Varberg,2.09,3.57,2.76,1.67,2.0,1.53,2.3,5,1
2025,Sweden Superettan,2025-05-17,08:00:00,complete,Trelleborg,Västerås SK,2.62,3.38,2.26,1.76,1.94,1.6,2.15,5,0
2025,Sweden Superettan,2025-05-17,10:00:00,complete,Umeå,Utsikten,2.55,3.25,2.38,1.85,1.85,1.67,2.05,1,3
2025,Sweden Superettan,2025-05-17,10:00:00,complete,Östersunds FK,Sandviken,2.23,3.47,2.61,1.78,1.92,1.6,2.15,2,2
2025,Sweden Superettan,2025-05-17,10:00:00,complete,Örebro,GIF Sundsvall,2.01,3.17,3.26,1.93,1.77,1.73,1.95,1,2
2025,Sweden Superettan,2025-05-18,10:00:00,complete,Brage,Oddevold,1.99,3.14,3.34,2.25,1.57,1.9,1.74,1,2
2025,Sweden Superettan,2025-05-19,14:00:00,complete,Landskrona,Helsingborg,2.07,3.41,2.9,1.8,1.9,1.7,2.0,3,3
2025,Sweden Superettan,2025-05-21,14:00:00,complete,Utsikten,Örebro,2.14,3.33,2.84,1.8,1.9,1.62,2.1,4,4
2025,Sweden Superettan,2025-05-21,14:00:00,complete,Örgryte,Sandviken,2.1,3.5,2.8,1.57,2.15,1.5,2.38,4,0
2025,Sweden Superettan,2025-05-21,14:00:00,complete,Västerås SK,Östersunds FK,1.53,3.9,4.75,1.79,1.91,1.77,1.9,1,0
2025,Sweden Superettan,2025-05-21,14:00:00,complete,Falkenberg,Trelleborg,2.17,3.39,2.74,1.76,1.94,1.62,2.1,4,0
2025,Sweden Superettan,2025-05-22,14:00:00,complete,Varberg,Landskrona,2.15,3.5,2.72,1.83,1.87,1.53,2.25,4,2
2025,Sweden Superettan,2025-05-22,14:00:00,complete,Helsingborg,Oddevold,1.68,3.47,4.2,1.95,1.75,1.83,1.81,0,2
2025,Sweden Superettan,2025-05-22,14:00:00,complete,Kalmar,Umeå,1.22,5.2,9.2,1.55,2.2,2.05,1.65,2,0
2025,Sweden Superettan,2025-05-22,14:00:00,complete,GIF Sundsvall,Brage,2.62,3.28,2.31,1.94,1.76,1.72,1.93,0,2
2025,Sweden Superettan,2025-05-24,10:00:00,complete,Östersunds FK,Örebro,1.9,3.41,3.32,1.89,1.81,1.72,1.93,3,1
2025,Sweden Superettan,2025-05-25,10:00:00,complete,Varberg,Kalmar,2.95,3.52,2.02,1.7,2.02,1.57,2.2,0,0
2025,Sweden Superettan,2025-05-26,14:00:00,complete,Umeå,Örgryte,2.68,3.45,2.2,1.61,2.05,1.57,2.2,3,3
2025,Sweden Superettan,2025-05-26,14:00:00,complete,Oddevold,Västerås SK,3.02,3.26,2.08,1.95,1.75,1.77,1.91,1,5
2025,Sweden Superettan,2025-05-26,14:00:00,complete,Brage,Utsikten,1.75,3.51,3.8,1.82,1.88,1.75,1.93,2,2
2025,Sweden Superettan,2025-05-26,14:00:00,complete,Landskrona,Falkenberg,1.7,3.61,3.96,1.74,1.96,1.7,2.0,0,3
2025,Sweden Superettan,2025-05-27,14:00:00,complete,Sandviken,GIF Sundsvall,1.58,3.83,4.4,1.65,2.1,1.65,2.05,0,1
2025,Sweden Superettan,2025-05-27,14:00:00,complete,Trelleborg,Helsingborg,2.22,3.39,2.67,1.76,1.94,1.62,2.1,0,0
2025,Sweden Superettan,2025-05-30,14:00:00,complete,Örebro,Brage,2.33,3.23,2.62,2.0,1.72,1.75,1.89,3,3
2025,Sweden Superettan,2025-05-31,08:00:00,complete,Västerås SK,Umeå,1.26,5.0,8.0,1.47,2.5,1.83,1.81,2,2
2025,Sweden Superettan,2025-05-31,08:00:00,complete,Utsikten,Kalmar,3.93,3.79,1.66,1.8,1.9,1.65,2.04,1,1
2025,Sweden Superettan,2025-05-31,10:00:00,complete,Örgryte,Trelleborg,1.95,3.57,3.05,1.63,2.13,1.52,2.25,2,0
2025,Sweden Superettan,2025-05-31,10:00:00,complete,Sandviken,Varberg,2.12,3.58,2.72,1.7,1.95,1.48,2.35,2,1
2025,Sweden Superettan,2025-06-01,10:00:00,complete,GIF Sundsvall,Falkenberg,2.43,3.18,2.54,1.95,1.75,1.73,1.95,0,0
2025,Sweden Superettan,2025-06-01,10:00:00,complete,Helsingborg,Östersunds FK,1.71,3.55,3.96,1.81,1.89,1.73,1.95,0,0
2025,Sweden Superettan,2025-06-01,12:00:00,complete,Oddevold,Landskrona,2.77,3.09,2.3,1.94,1.76,1.74,1.98,1,2
2025,Sweden Superettan,2025-06-13,14:00:00,complete,Örebro,Sandviken,2.38,3.26,2.55,1.61,2.05,1.57,2.25,0,1
2025,Sweden Superettan,2025-06-14,10:00:00,complete,Falkenberg,Helsingborg,1.88,3.25,3.55,1.86,1.84,1.75,2.0,2,2
2025,Sweden Superettan,2025-06-14,10:00:00,complete,Kalmar,Landskrona,1.57,3.72,4.6,1.76,1.94,1.8,1.95,3,1
2025,Sweden Superettan,2025-06-14,10:00:00,complete,Östersunds FK,Oddevold,2.15,3.19,2.92,1.92,1.78,1.8,1.95,1,3
2025,Sweden Superettan,2025-06-14,12:00:00,complete,Umeå,GIF Sundsvall,2.94,3.45,2.05,1.91,1.79,1.8,1.95,0,1
2025,Sweden Superettan,2025-06-15,10:00:00,complete,Trelleborg,Utsikten,1.94,3.39,3.23,1.65,2.05,1.57,2.25,1,1
2025,Sweden Superettan,2025-06-15,10:00:00,complete,Brage,Örgryte,2.57,3.09,2.46,1.7,1.95,1.62,2.2,3,1
2025,Sweden Superettan,2025-06-15,12:00:00,complete,Varberg,Västerås SK,2.47,3.13,2.53,1.81,1.89,1.7,2.05,1,0
2025,Sweden Superettan,2025-06-22,10:00:00,complete,Utsikten,Östersunds FK,2.16,3.41,2.73,1.65,2.0,1.62,2.2,1,0
2025,Sweden Superettan,2025-06-22,10:00:00,complete,Västerås SK,Brage,1.61,3.83,4.2,1.76,1.94,1.91,1.91,2,2
2025,Sweden Superettan,2025-06-22,10:00:00,complete,Sandviken,Falkenberg,2.4,3.35,2.47,1.6,2.1,1.53,2.38,4,1
2025,Sweden Superettan,2025-06-22,12:00:00,complete,Oddevold,Varberg,2.66,3.1,2.37,1.92,1.78,1.75,2.0,2,1
2025,Sweden Superettan,2025-06-22,12:00:00,complete,Kalmar,Örgryte,1.48,3.71,5.7,1.53,2.25,1.57,2.25,2,3
2025,Sweden Superettan,2025-06-22,12:00:00,complete,Landskrona,Örebro,1.64,4.0,3.81,1.61,2.1,1.7,2.05,1,0
2025,Sweden Superettan,2025-06-23,14:00:00,complete,GIF Sundsvall,Trelleborg,2.53,3.0,2.56,2.1,1.61,1.83,1.83,4,2
2025,Sweden Superettan,2025-06-23,14:00:00,complete,Helsingborg,Umeå,1.48,4.2,4.9,1.65,2.05,1.73,1.95,5,0
2025,Sweden Superettan,2025-06-27,14:00:00,complete,Brage,Sandviken,2.13,3.31,2.88,1.76,1.94,1.55,2.25,0,2
2025,Sweden Superettan,2025-06-27,14:00:00,complete,Varberg,Utsikten,1.69,3.66,3.91,1.76,1.94,1.7,2.0,1,1
2025,Sweden Superettan,2025-06-28,08:00:00,complete,Västerås SK,Landskrona,1.86,3.5,3.4,1.81,1.89,1.6,2.15,1,0
2025,Sweden Superettan,2025-06-28,08:00:00,complete,Örgryte,Helsingborg,1.83,3.55,3.45,1.61,2.1,1.53,2.3,0,2
2025,Sweden Superettan,2025-06-28,10:00:00,complete,Trelleborg,Oddevold,1.91,3.25,3.47,1.95,1.75,1.75,1.93,0,0
2025,Sweden Superettan,2025-06-28,10:00:00,complete,GIF Sundsvall,Östersunds FK,2.16,3.15,2.95,1.95,1.7,1.73,1.95,1,1
2025,Sweden Superettan,2025-06-29,08:00:00,complete,Örebro,Kalmar,3.95,3.53,1.71,1.77,1.93,1.7,2.0,2,2
2025,Sweden Superettan,2025-06-29,10:00:00,complete,Falkenberg,Umeå,1.34,4.5,6.5,1.57,2.15,1.83,1.87,2,0
2025,Sweden Superettan,2025-07-19,10:00:00,complete,Oddevold,Örgryte,2.57,3.3,2.34,1.6,2.1,1.57,2.25,0,1
2025,Sweden Superettan,2025-07-19,10:00:00,complete,Umeå,Örebro,2.73,3.29,2.23,1.67,2.0,1.57,2.25,1,1
2025,Sweden Superettan,2025-07-19,10:00:00,complete,Östersunds FK,Falkenberg,2.4,3.15,2.6,1.81,1.89,1.67,2.1,3,1
2025,Sweden Superettan,2025-07-19,12:00:00,complete,Sandviken,Västerås SK,2.65,3.32,2.27,1.6,2.1,1.57,2.25,0,3
2025,Sweden Superettan,2025-07-20,08:00:00,complete,Varberg,GIF Sundsvall,1.61,3.64,4.4,1.92,1.78,1.95,1.8,0,2
2025,Sweden Superettan,2025-07-20,10:00:00,complete,Kalmar,Brage,1.33,4.5,6.9,1.6,2.1,1.91,1.91,2,2
2025,Sweden Superettan,2025-07-21,14:00:00,complete,Utsikten,Helsingborg,2.56,3.34,2.33,1.6,2.1,1.57,2.25,1,2
2025,Sweden Superettan,2025-07-21,14:00:00,complete,Landskrona,Trelleborg,1.77,3.56,3.65,1.77,1.93,1.7,2.05,1,2
2025,Sweden Superettan,2025-07-26,10:00:00,complete,GIF Sundsvall,Örebro,2.25,3.2,3.1,1.9,1.7,1.73,1.95,1,1
2025,Sweden Superettan,2025-07-26,10:00:00,complete,Oddevold,Sandviken,2.45,3.3,2.7,1.81,1.79,1.67,2.05,1,1
2025,Sweden Superettan,2025-07-26,12:00:00,complete,Brage,Umeå,1.62,4.0,4.7,1.61,2.1,1.65,2.05,2,2
2025,Sweden Superettan,2025-07-27,08:00:00,complete,Kalmar,Utsikten,1.25,6.0,9.0,1.53,2.25,1.77,1.91,1,0
2025,Sweden Superettan,2025-07-27,10:00:00,complete,Örgryte,Östersunds FK,1.73,3.63,3.78,1.6,2.1,1.55,2.25,6,0
2025,Sweden Superettan,2025-07-27,10:00:00,complete,Falkenberg,Landskrona,2.19,3.53,2.62,1.82,1.88,1.6,2.15,1,1
2025,Sweden Superettan,2025-07-28,14:00:00,complete,Västerås SK,Trelleborg,1.63,3.64,4.33,1.76,1.94,1.8,1.95,3,0
2025,Sweden Superettan,2025-07-28,14:00:00,complete,Helsingborg,Varberg,2.65,3.3,2.55,1.92,1.78,1.67,2.05,1,2
2025,Sweden Superettan,2025-08-01,14:00:00,complete,Örebro,Oddevold,2.14,3.14,3.0,1.88,1.82,1.67,2.05,0,0
2025,Sweden Superettan,2025-08-02,08:00:00,complete,Östersunds FK,Helsingborg,2.25,3.47,2.57,1.8,1.9,1.6,2.15,2,2
2025,Sweden Superettan,2025-08-02,10:00:00,complete,Varberg,Örgryte,1.91,3.69,3.07,1.61,2.1,1.53,2.3,1,2
2025,Sweden Superettan,2025-08-02,10:00:00,complete,Utsikten,GIF Sundsvall,2.12,3.5,2.76,1.78,1.92,1.75,2.0,4,1
2025,Sweden Superettan,2025-08-02,10:00:00,complete,Trelleborg,Kalmar,4.33,3.78,1.6,1.77,1.93,1.7,2.0,0,0
2025,Sweden Superettan,2025-08-02,12:00:00,complete,Sandviken,Brage,1.66,3.66,4.1,1.61,2.05,1.62,2.2,2,5
2025,Sweden Superettan,2025-08-03,10:00:00,complete,Landskrona,Västerås SK,2.47,3.66,2.26,1.67,2.0,1.55,2.25,1,2
2025,Sweden Superettan,2025-08-04,14:00:00,complete,Umeå,Falkenberg,3.25,3.75,1.83,1.6,2.1,1.53,2.3,0,2
2025,Sweden Superettan,2025-08-09,08:00:00,complete,GIF Sundsvall,Sandviken,2.26,3.2,2.75,1.88,1.82,1.67,2.05,1,0
2025,Sweden Superettan,2025-08-09,10:00:00,complete,Falkenberg,Brage,2.06,3.4,2.94,1.65,2.05,1.62,2.2,0,1
2025,Sweden Superettan,2025-08-09,10:00:00,complete,Landskrona,Östersunds FK,1.94,3.39,3.23,1.75,1.95,1.62,2.1,2,0
2025,Sweden Superettan,2025-08-09,10:00:00,complete,Örgryte,Oddevold,1.62,3.72,4.3,1.67,2.08,1.67,2.05,0,0
2025,Sweden Superettan,2025-08-10,08:00:00,complete,Kalmar,Varberg,1.61,3.68,4.4,1.77,1.93,1.75,2.0,2,0
2025,Sweden Superettan,2025-08-10,10:00:00,complete,Trelleborg,Umeå,1.53,3.96,4.7,1.6,2.1,1.8,1.95,0,2
2025,Sweden Superettan,2025-08-10,10:00:00,complete,Helsingborg,Utsikten,1.58,3.77,4.5,1.65,2.05,1.7,2.05,3,0
2025,Sweden Superettan,2025-08-12,14:00:00,complete,Västerås SK,Örebro,1.48,4.1,5.0,1.55,2.3,1.67,2.1,2,1
2025,Sweden Superettan,2025-08-15,14:00:00,complete,Oddevold,Trelleborg,2.32,3.03,2.79,1.94,1.76,1.73,1.95,3,2
2025,Sweden Superettan,2025-08-15,14:00:00,complete,Utsikten,Varberg,3.55,3.36,1.85,1.77,1.93,1.62,2.1,1,1
2025,Sweden Superettan,2025-08-16,08:00:00,complete,Östersunds FK,GIF Sundsvall,2.05,3.12,3.2,2.03,1.7,1.77,1.9,1,3
2025,Sweden Superettan,2025-08-16,10:00:00,complete,Brage,Västerås SK,2.62,3.75,2.12,1.73,1.95,1.62,2.2,3,1
2025,Sweden Superettan,2025-08-16,10:00:00,complete,Umeå,Kalmar,6.2,4.5,1.36,1.6,2.2,1.75,1.93,0,1
2025,Sweden Superettan,2025-08-16,10:00:00,complete,Helsingborg,Falkenberg,2.24,3.17,2.8,1.76,1.94,1.6,2.15,0,0
2025,Sweden Superettan,2025-08-17,10:00:00,complete,Örebro,Örgryte,3.06,3.74,1.9,1.6,2.2,1.5,2.5,1,3
2025,Sweden Superettan,2025-08-17,12:00:00,complete,Sandviken,Landskrona,2.12,3.3,2.9,1.65,2.1,1.5,2.35,0,1
2025,Sweden Superettan,2025-08-23,10:00:00,complete,Örgryte,Brage,1.52,4.1,4.6,1.45,2.56,1.5,2.3,2,2
2025,Sweden Superettan,2025-08-24,08:00:00,complete,Varberg,Östersunds FK,1.8,3.5,3.75,1.84,1.91,1.75,2.0,1,1
2025,Sweden Superettan,2025-08-24,10:00:00,complete,Västerås SK,Utsikten,1.36,4.98,7.33,1.6,2.25,1.77,1.9,3,0
2025,Sweden Superettan,2025-08-25,14:00:00,complete,GIF Sundsvall,Oddevold,2.31,3.25,3.08,2.1,1.6,1.9,1.75,0,1
2025,Sweden Superettan,2025-08-25,14:00:00,complete,Örebro,Umeå,1.91,3.9,3.9,1.65,2.26,1.57,2.25,1,1
2025,Sweden Superettan,2025-08-25,14:00:00,complete,Falkenberg,Sandviken,2.05,3.3,3.1,1.73,2.14,1.57,2.25,4,0
2025,Sweden Superettan,2025-08-25,14:00:00,complete,Trelleborg,Landskrona,2.4,3.35,2.67,1.73,2.0,1.58,2.17,1,0
2025,Sweden Superettan,2025-08-26,14:00:00,complete,Kalmar,Helsingborg,1.69,3.8,4.87,1.73,1.91,1.73,1.91,2,0
2025,Sweden Superettan,2025-08-30,08:00:00,complete,Varberg,Falkenberg,1.96,3.4,3.5,1.78,2.0,1.68,2.15,3,2
2025,Sweden Superettan,2025-08-30,08:00:00,complete,Västerås SK,Helsingborg,1.6,4.1,0.0,1.72,2.14,1.75,2.0,4,0
2025,Sweden Superettan,2025-08-30,10:00:00,complete,Landskrona,GIF Sundsvall,1.85,3.4,3.65,2.02,1.84,1.84,1.95,2,1
2025,Sweden Superettan,2025-08-30,10:00:00,complete,Östersunds FK,Kalmar,3.9,3.6,1.81,1.72,1.83,1.69,2.05,0,0
2025,Sweden Superettan,2025-08-30,10:00:00,complete,Sandviken,Örebro,1.93,3.65,3.65,1.62,2.3,1.53,2.38,2,1
2025,Sweden Superettan,2025-08-31,08:00:00,complete,Umeå,Oddevold,3.25,3.5,2.16,1.83,1.93,1.67,2.1,0,2
2025,Sweden Superettan,2025-08-31,10:00:00,complete,Brage,Trelleborg,2.16,3.64,3.0,1.69,2.12,1.6,2.31,2,1
2025,Sweden Superettan,2025-08-31,12:00:00,complete,Utsikten,Örgryte,4.05,4.05,1.63,1.48,2.5,1.5,2.45,1,2
2025,Sweden Superettan,2025-09-13,08:00:00,complete,Falkenberg,Utsikten,1.73,3.6,4.55,1.74,2.09,1.73,1.98,3,1
2025,Sweden Superettan,2025-09-13,10:00:00,complete,GIF Sundsvall,Varberg,2.76,3.18,2.43,2.03,1.75,1.77,1.99,2,3
2025,Sweden Superettan,2025-09-13,10:00:00,complete,Oddevold,Brage,2.25,3.35,2.89,1.8,1.95,1.68,2.05,4,0
2025,Sweden Superettan,2025-09-13,10:00:00,complete,Örebro,Östersunds FK,2.55,3.5,2.5,1.67,2.1,1.57,2.26,2,0
2025,Sweden Superettan,2025-09-14,08:00:00,complete,Kalmar,Västerås SK,2.1,3.1,3.22,2.0,1.82,1.78,1.93,2,1
2025,Sweden Superettan,2025-09-14,10:00:00,complete,Trelleborg,Sandviken,2.35,3.4,2.7,1.71,1.94,1.61,2.2,1,2
2025,Sweden Superettan,2025-09-15,14:00:00,complete,Örgryte,Umeå,1.22,5.5,8.0,1.34,3.16,1.75,1.95,3,1
2025,Sweden Superettan,2025-09-16,14:00:00,complete,Helsingborg,Landskrona,2.2,3.5,2.86,1.99,1.8,1.64,2.22,0,0
2025,Sweden Superettan,2025-09-19,14:00:00,complete,Östersunds FK,Umeå,1.54,4.1,4.4,1.56,2.27,1.62,2.2,3,0
2025,Sweden Superettan,2025-09-19,14:00:00,complete,Falkenberg,GIF Sundsvall,1.79,3.51,3.63,1.86,1.84,1.8,1.9,3,0
2025,Sweden Superettan,2025-09-19,14:00:00,complete,Västerås SK,Oddevold,1.5,3.91,5.1,1.68,2.05,1.75,1.97,2,0
2025,Sweden Superettan,2025-09-20,08:00:00,complete,Helsingborg,Örgryte,2.7,3.5,2.28,1.56,2.35,1.53,2.3,0,1
2025,Sweden Superettan,2025-09-20,08:00:00,complete,Varberg,Trelleborg,1.67,3.75,4.4,1.81,2.05,1.7,2.05,3,1
2025,Sweden Superettan,2025-09-20,10:00:00,complete,Kalmar,Sandviken,1.4,4.4,6.25,1.61,2.2,1.73,1.91,4,0
2025,Sweden Superettan,2025-09-20,10:00:00,complete,Brage,Örebro,2.1,3.6,2.89,1.59,2.25,1.5,2.62,4,5
2025,Sweden Superettan,2025-09-20,10:00:00,complete,Utsikten,Landskrona,2.85,3.52,2.21,1.75,2.05,1.6,2.19,4,0
2025,Sweden Superettan,2025-09-24,14:00:00,complete,Landskrona,Kalmar,4.5,3.79,1.68,1.93,1.89,1.77,1.88,0,0
2025,Sweden Superettan,2025-09-24,14:00:00,complete,Oddevold,Falkenberg,2.38,3.0,2.76,2.03,1.83,1.72,1.94,2,2
2025,Sweden Superettan,2025-09-24,14:00:00,complete,Brage,GIF Sundsvall,2.25,3.4,2.7,1.7,2.14,1.61,2.3,0,1
2025,Sweden Superettan,2025-09-24,14:00:00,complete,Örebro,Varberg,2.65,3.55,2.2,1.73,1.9,1.65,2.12,1,1
2025,Sweden Superettan,2025-09-25,14:00:00,complete,Umeå,Västerås SK,7.0,4.3,1.52,1.62,2.29,1.73,1.92,1,2
2025,Sweden Superettan,2025-09-25,14:00:00,complete,Östersunds FK,Utsikten,1.84,3.8,4.05,1.58,2.07,1.65,2.15,2,1
2025,Sweden Superettan,2025-09-25,14:00:00,complete,Trelleborg,Örgryte,3.6,3.7,1.82,1.52,2.3,1.58,2.4,0,2
2025,Sweden Superettan,2025-09-25,14:00:00,complete,Sandviken,Helsingborg,2.27,3.25,2.88,1.86,2.01,1.62,2.29,0,1
2025,Sweden Superettan,2025-09-28,08:00:00,complete,Varberg,Oddevold,1.83,3.5,3.7,1.96,1.9,1.83,1.98,1,1
2025,Sweden Superettan,2025-09-28,10:00:00,complete,Falkenberg,Östersunds FK,1.83,3.66,4.31,1.76,2.05,1.71,2.1,4,0
2025,Sweden Superettan,2025-09-28,10:00:00,complete,Västerås SK,Sandviken,1.4,4.4,7.24,1.62,2.3,1.75,1.95,3,0
2025,Sweden Superettan,2025-09-29,14:00:00,complete,Helsingborg,Trelleborg,1.9,3.35,4.04,1.77,1.98,1.74,2.05,4,1
2025,Sweden Superettan,2025-09-29,14:00:00,complete,Utsikten,Brage,2.45,3.25,2.5,1.67,2.24,1.54,2.51,2,1
2025,Sweden Superettan,2025-09-29,14:00:00,complete,GIF Sundsvall,Umeå,1.79,3.85,3.95,1.86,1.98,1.75,2.06,3,1
2025,Sweden Superettan,2025-09-30,14:00:00,complete,Örgryte,Landskrona,1.46,4.3,5.0,1.51,2.44,1.59,2.24,2,0
2025,Sweden Superettan,2025-09-30,14:00:00,complete,Kalmar,Örebro,1.4,4.85,7.1,1.56,2.2,1.86,1.94,2,1
2025,Sweden Superettan,2025-10-04,08:00:00,suspended,Landskrona,Varberg,2.88,3.3,2.37,1.8,2.0,1.62,2.14,0,0
2025,Sweden Superettan,2025-10-04,08:00:00,complete,Östersunds FK,Västerås SK,4.1,3.6,1.7,1.69,2.03,1.65,2.15,1,6
2025,Sweden Superettan,2025-10-04,10:00:00,complete,Brage,Kalmar,4.55,3.75,1.69,1.71,2.14,1.67,2.08,1,3
2025,Sweden Superettan,2025-10-04,10:00:00,complete,Umeå,Helsingborg,3.45,3.4,1.92,1.83,2.01,1.65,2.13,1,0
2025,Sweden Superettan,2025-10-05,08:00:00,complete,Oddevold,Utsikten,1.86,3.63,4.0,1.85,2.03,1.75,2.05,1,0
2025,Sweden Superettan,2025-10-05,10:00:00,complete,Örebro,Falkenberg,2.45,3.35,2.61,1.62,2.1,1.52,2.3,4,1
2025,Sweden Superettan,2025-10-05,10:00:00,complete,Trelleborg,GIF Sundsvall,2.33,3.25,2.9,1.86,1.83,1.77,2.08,2,1
2025,Sweden Superettan,2025-10-06,14:00:00,complete,Sandviken,Örgryte,3.9,3.7,1.7,1.53,2.54,1.44,2.42,1,1
2025,Sweden Superettan,2025-10-06,14:00:00,complete,Landskrona,Varberg,2.6,3.4,2.37,1.86,1.91,1.62,2.15,2,1
2025,Sweden Superettan,2025-10-18,08:00:00,complete,Västerås SK,GIF Sundsvall,1.3,5.0,9.0,1.61,2.35,1.85,1.83,2,1
2025,Sweden Superettan,2025-10-18,10:00:00,complete,Kalmar,Oddevold,1.41,4.1,6.0,1.76,1.94,1.81,1.83,3,2
2025,Sweden Superettan,2025-10-18,10:00:00,complete,Varberg,Sandviken,1.58,4.1,4.2,1.58,2.25,1.62,2.22,0,0
2025,Sweden Superettan,2025-10-18,10:00:00,complete,Östersunds FK,Brage,1.82,3.51,3.5,1.61,2.1,1.55,2.46,1,0
2025,Sweden Superettan,2025-10-18,12:00:00,complete,Falkenberg,Örgryte,3.1,3.7,1.92,1.45,2.43,1.42,2.56,3,0
2025,Sweden Superettan,2025-10-19,08:00:00,complete,Utsikten,Trelleborg,2.4,3.3,2.55,1.8,1.9,1.6,2.18,3,1
2025,Sweden Superettan,2025-10-19,10:00:00,complete,Landskrona,Umeå,1.55,3.75,4.6,1.63,2.17,1.63,2.15,1,3
2025,Sweden Superettan,2025-10-19,10:00:00,complete,Helsingborg,Örebro,2.2,3.55,2.75,1.62,2.15,1.53,2.2,3,2
2025,Sweden Superettan,2025-10-24,14:00:00,complete,Örgryte,Västerås SK,2.27,3.32,2.65,1.53,2.2,1.52,2.55,0,2
2025,Sweden Superettan,2025-10-25,08:00:00,complete,Umeå,Varberg,2.87,3.25,2.1,1.65,2.2,1.6,2.25,2,2
2025,Sweden Superettan,2025-10-25,10:00:00,complete,Sandviken,Utsikten,1.85,3.48,3.84,1.7,2.1,1.6,2.2,3,1
2025,Sweden Superettan,2025-10-25,10:00:00,complete,GIF Sundsvall,Kalmar,8.07,3.8,1.42,1.88,2.04,1.85,1.85,0,2
2025,Sweden Superettan,2025-10-25,10:00:00,complete,Oddevold,Östersunds FK,2.0,3.4,3.3,1.76,1.95,1.68,2.1,0,0
2025,Sweden Superettan,2025-10-25,10:00:00,complete,Brage,Helsingborg,2.44,3.55,2.86,1.62,2.21,1.53,2.35,3,2
2025,Sweden Superettan,2025-10-26,09:00:00,complete,Trelleborg,Falkenberg,2.27,3.3,2.8,1.75,2.0,1.59,2.18,1,1
2025,Sweden Superettan,2025-10-26,11:00:00,complete,Örebro,Landskrona,1.95,3.7,3.4,1.63,2.37,1.54,2.3,1,2
2025,Sweden Superettan,2025-11-01,09:00:00,complete,Örgryte,Kalmar,2.56,3.55,2.46,1.62,2.15,1.53,2.47,0,2
2025,Sweden Superettan,2025-11-01,09:00:00,complete,Falkenberg,Västerås SK,4.7,4.1,1.65,1.65,2.15,1.74,2.05,0,1
2025,Sweden Superettan,2025-11-01,11:00:00,complete,Varberg,Brage,2.12,3.7,3.15,1.64,2.19,1.6,2.25,1,2
2025,Sweden Superettan,2025-11-01,11:00:00,complete,Umeå,Sandviken,2.61,3.25,2.35,1.66,2.17,1.53,2.25,1,2
2025,Sweden Superettan,2025-11-01,11:00:00,complete,Helsingborg,GIF Sundsvall,1.86,3.6,4.09,1.82,2.04,1.67,2.15,1,1
2025,Sweden Superettan,2025-11-01,11:00:00,complete,Östersunds FK,Trelleborg,2.19,3.2,2.9,1.85,1.94,1.67,2.3,2,0
2025,Sweden Superettan,2025-11-02,11:00:00,complete,Örebro,Utsikten,1.7,3.75,3.98,1.47,2.4,1.53,2.25,2,1
2025,Sweden Superettan,2025-11-03,15:00:00,complete,Landskrona,Oddevold,2.35,3.35,2.8,1.83,1.91,1.67,2.1,2,2
2025,Sweden Superettan,2025-11-08,11:00:00,complete,Brage,Landskrona,2.1,3.7,2.93,1.55,2.31,1.47,2.62,4,1
2025,Sweden Superettan,2025-11-08,11:00:00,complete,Västerås SK,Varberg,1.38,4.6,6.96,1.44,2.66,1.67,2.17,4,1
2025,Sweden Superettan,2025-11-08,11:00:00,complete,Kalmar,Falkenberg,1.36,4.9,6.8,1.55,2.48,1.7,2.0,1,2
2025,Sweden Superettan,2025-11-08,11:00:00,complete,Oddevold,Helsingborg,2.2,3.3,2.8,1.76,2.06,1.51,2.24,1,4
2025,Sweden Superettan,2025-11-08,11:00:00,complete,Utsikten,Umeå,1.87,3.85,3.35,1.63,2.35,1.53,2.23,1,4
2025,Sweden Superettan,2025-11-08,11:00:00,complete,Sandviken,Östersunds FK,2.1,3.65,2.9,1.62,2.29,1.55,2.41,5,0
2025,Sweden Superettan,2025-11-08,11:00:00,complete,GIF Sundsvall,Örgryte,3.3,3.75,1.93,1.57,2.4,1.5,2.45,1,1
2025,Sweden Superettan,2025-11-08,11:00:00,complete,Trelleborg,Örebro,2.35,3.3,2.9,1.81,1.95,1.7,2.18,1,1
2025,Sweden Superettan,2025-11-20,15:00:00,complete,Norrby,Utsikten,2.07,3.41,3.08,1.64,2.17,1.53,2.25,3,2
2025,Sweden Superettan,2025-11-20,15:00:00,complete,Hammarby Talang,Örebro,2.54,3.2,2.54,1.75,2.05,1.53,2.3,1,0
2025,Sweden Superettan,2025-11-23,09:00:00,complete,Utsikten,Norrby,2.08,3.35,3.13,1.71,2.15,1.53,2.3,1,1
2025,Sweden Superettan,2025-11-23,11:00:00,complete,Örebro,Hammarby Talang,2.16,3.19,2.91,1.78,1.95,1.65,2.15,2,1
2026,Sweden Superettan,2026-04-03,10:00:00,complete,Helsingborg,Öster,3.07,3.4,2.31,1.93,1.9,1.75,2.0,4,1
2026,Sweden Superettan,2026-04-04,07:30:00,complete,Norrköping,Värnamo,2.05,3.6,3.12,1.58,2.15,1.55,2.25,6,0
2026,Sweden Superettan,2026-04-05,10:00:00,complete,Norrby,Brage,2.62,3.3,2.37,1.85,1.95,1.64,2.1,0,1
2026,Sweden Superettan,2026-04-06,08:00:00,complete,Falkenberg,Ljungskile,1.85,3.5,3.4,1.67,2.18,1.57,2.22,1,1
2026,Sweden Superettan,2026-04-06,08:00:00,complete,GIF Sundsvall,United Nordic,2.35,3.3,2.9,1.95,1.85,1.73,2.0,3,2
2026,Sweden Superettan,2026-04-06,10:00:00,complete,Örebro,Landskrona,1.98,3.6,3.57,1.72,2.06,1.61,2.18,1,0
2026,Sweden Superettan,2026-04-06,10:00:00,complete,Varberg,Östersunds FK,2.25,2.95,3.1,2.21,1.71,1.77,1.85,1,2
2026,Sweden Superettan,2026-04-07,14:00:00,complete,Oddevold,Sandviken,2.2,3.5,3.01,1.84,1.9,1.64,2.04,2,2
2026,Sweden Superettan,2026-04-11,08:00:00,complete,Ljungskile,Norrköping,3.64,3.7,1.95,1.49,2.38,1.49,2.43,0,1
2026,Sweden Superettan,2026-04-11,08:00:00,complete,Öster,Örebro,1.8,3.9,4.41,1.64,2.24,1.66,2.02,0,0
2026,Sweden Superettan,2026-04-11,10:00:00,complete,United Nordic,Helsingborg,2.74,3.25,2.38,1.85,1.9,1.67,2.05,3,1
2026,Sweden Superettan,2026-04-11,12:00:00,complete,Östersunds FK,Norrby,2.1,3.1,3.4,1.83,1.8,1.7,2.0,1,1
2026,Sweden Superettan,2026-04-12,10:00:00,complete,Brage,Oddevold,2.65,3.1,2.5,1.94,1.82,1.7,2.05,3,4
2026,Sweden Superettan,2026-04-12,10:00:00,complete,Landskrona,Falkenberg,2.3,3.4,2.75,1.67,2.15,1.5,2.39,1,2
2026,Sweden Superettan,2026-04-12,12:00:00,complete,Sandviken,Varberg,2.3,3.5,2.75,1.76,2.01,1.59,2.15,2,2
2026,Sweden Superettan,2026-04-14,14:00:00,complete,Värnamo,GIF Sundsvall,1.83,3.4,3.7,1.85,1.91,1.6,1.96,3,0
2026,Sweden Superettan,2026-04-18,08:00:00,complete,Varberg,United Nordic,1.92,3.75,3.31,1.8,1.91,1.67,2.1,4,1
2026,Sweden Superettan,2026-04-18,10:00:00,complete,Sandviken,Värnamo,2.7,3.5,2.3,1.7,2.1,1.57,2.2,0,1
2026,Sweden Superettan,2026-04-18,12:00:00,complete,Landskrona,Ljungskile,2.3,3.5,2.63,1.8,2.0,1.6,2.2,1,0
2026,Sweden Superettan,2026-04-19,08:00:00,complete,Norrby,Falkenberg,2.75,3.25,2.25,1.79,1.91,1.62,2.15,2,2
2026,Sweden Superettan,2026-04-19,10:00:00,complete,Helsingborg,Östersunds FK,1.95,3.4,3.78,1.89,1.8,1.7,1.98,2,1
2026,Sweden Superettan,2026-04-20,14:00:00,complete,Oddevold,Öster,2.45,3.45,2.5,1.84,1.88,1.67,2.05,1,2
2026,Sweden Superettan,2026-04-20,14:05:00,complete,GIF Sundsvall,Brage,2.5,3.2,2.45,1.89,1.91,1.62,2.15,1,2
2026,Sweden Superettan,2026-04-21,14:00:00,complete,Örebro,Norrköping,3.19,3.36,2.16,1.87,2.0,1.62,2.1,2,1
2026,Sweden Superettan,2026-04-24,14:00:00,complete,Ljungskile,Helsingborg,2.1,3.44,3.17,1.75,2.06,1.57,2.17,4,1
2026,Sweden Superettan,2026-04-25,08:00:00,complete,Öster,Östersunds FK,1.8,3.4,4.05,2.01,1.85,1.75,1.93,1,0
2026,Sweden Superettan,2026-04-25,10:00:00,complete,Falkenberg,GIF Sundsvall,1.65,3.4,4.65,1.87,1.85,1.7,1.95,1,0
2026,Sweden Superettan,2026-04-25,12:00:00,complete,United Nordic,Sandviken,2.02,3.5,2.98,1.67,2.1,1.53,2.16,2,1
2026,Sweden Superettan,2026-04-25,12:00:00,complete,Örebro,Norrby,1.95,3.4,3.5,1.85,2.0,1.62,2.15,1,1
2026,Sweden Superettan,2026-04-26,08:00:00,complete,Värnamo,Oddevold,2.2,3.2,2.96,1.9,1.95,1.67,1.98,3,1
2026,Sweden Superettan,2026-04-26,10:00:00,complete,Brage,Varberg,2.2,3.25,2.85,1.75,2.07,1.6,2.15,2,2
2026,Sweden Superettan,2026-04-28,14:00:00,complete,Norrköping,Landskrona,1.63,3.95,4.5,1.6,2.2,1.62,2.15,1,3
2026,Sweden Superettan,2026-05-02,08:00:00,complete,Ljungskile,United Nordic,1.76,3.6,4.05,1.74,2.08,1.66,2.09,0,2
2026,Sweden Superettan,2026-05-02,10:00:00,complete,Sandviken,Norrby,2.1,3.2,3.0,1.9,1.93,1.66,2.09,2,2
2026,Sweden Superettan,2026-05-02,10:00:00,complete,Varberg,Örebro,2.25,3.35,2.95,1.88,1.88,1.69,2.05,0,0
2026,Sweden Superettan,2026-05-02,12:00:00,complete,GIF Sundsvall,Oddevold,3.31,3.25,2.14,1.82,1.73,1.62,2.07,1,3
2026,Sweden Superettan,2026-05-03,08:00:00,complete,Östersunds FK,Värnamo,2.73,3.35,2.35,1.94,1.92,1.67,2.09,3,2
2026,Sweden Superettan,2026-05-03,10:00:00,complete,Helsingborg,Brage,2.3,3.3,2.75,1.81,2.06,1.62,2.22,2,0
2026,Sweden Superettan,2026-05-04,14:05:00,complete,Landskrona,Öster,2.25,3.2,2.75,1.85,1.95,1.64,2.13,2,2
2026,Sweden Superettan,2026-05-05,14:00:00,complete,Falkenberg,Norrköping,2.88,3.25,2.25,1.8,2.0,1.62,2.15,1,0
2026,Sweden Superettan,2026-05-08,14:00:00,complete,Varberg,Värnamo,2.2,3.2,2.87,1.75,1.95,1.62,2.16,3,2
2026,Sweden Superettan,2026-05-08,14:00:00,complete,Örebro,Brage,2.37,3.25,2.6,1.8,2.0,1.62,2.15,0,3
2026,Sweden Superettan,2026-05-09,08:00:00,complete,United Nordic,Öster,2.5,3.4,2.42,1.62,2.15,1.53,2.3,4,2
2026,Sweden Superettan,2026-05-09,08:00:00,complete,Oddevold,Landskrona,2.15,3.5,3.0,1.8,2.05,1.6,2.2,1,1
2026,Sweden Superettan,2026-05-09,08:00:00,complete,Östersunds FK,Falkenberg,1.95,3.25,3.35,1.81,1.95,1.67,2.1,2,2
2026,Sweden Superettan,2026-05-09,10:00:00,complete,Norrby,Helsingborg,2.17,3.17,2.51,1.87,1.91,1.67,2.1,3,3
2026,Sweden Superettan,2026-05-09,12:00:00,complete,GIF Sundsvall,Norrköping,3.7,3.7,1.85,1.79,2.04,1.62,2.1,1,3
2026,Sweden Superettan,2026-05-09,12:00:00,complete,Sandviken,Ljungskile,2.75,3.5,2.3,1.78,2.08,1.6,2.2,1,0
2026,Sweden Superettan,2026-05-12,14:00:00,complete,Värnamo,Örebro,2.05,3.1,3.2,1.89,1.86,1.62,2.15,0,1
2026,Sweden Superettan,2026-05-12,14:00:00,complete,Landskrona,Norrby,1.93,3.25,2.84,1.85,1.95,1.67,2.1,1,1
2026,Sweden Superettan,2026-05-13,14:00:00,complete,Helsingborg,Oddevold,2.35,3.3,2.64,1.72,2.06,1.67,2.1,2,2
2026,Sweden Superettan,2026-05-13,14:00:00,complete,Öster,Sandviken,1.95,3.55,3.55,1.66,2.15,1.57,2.12,1,0
2026,Sweden Superettan,2026-05-13,14:00:00,complete,Falkenberg,Varberg,2.6,3.15,2.27,1.85,1.95,1.65,2.1,0,3
2026,Sweden Superettan,2026-05-13,14:00:00,complete,Brage,Östersunds FK,2.1,3.2,2.75,1.85,1.95,1.73,2.0,2,4
2026,Sweden Superettan,2026-05-13,14:00:00,complete,Norrköping,United Nordic,1.81,3.8,3.65,1.53,2.3,1.57,2.25,1,1
2026,Sweden Superettan,2026-05-14,12:00:00,complete,Ljungskile,GIF Sundsvall,1.6,3.75,4.1,1.79,2.05,1.8,1.91,1,0
2026,Sweden Superettan,2026-05-16,12:00:00,complete,Brage,Norrköping,2.98,3.4,2.21,1.7,2.0,1.54,2.23,0,0
2026,Sweden Superettan,2026-05-17,08:00:00,complete,Östersunds FK,Sandviken,2.08,3.5,3.18,1.74,1.96,1.61,2.1,2,1
2026,Sweden Superettan,2026-05-17,10:00:00,complete,United Nordic,Falkenberg,2.6,3.35,2.48,1.72,2.07,1.62,2.19,1,4
2026,Sweden Superettan,2026-05-17,10:00:00,complete,Öster,Ljungskile,2.17,3.4,3.03,1.67,2.05,1.53,2.23,1,4
2026,Sweden Superettan,2026-05-17,12:00:00,complete,Värnamo,Norrby,1.68,3.85,4.4,1.77,2.01,1.68,2.06,2,2
2026,Sweden Superettan,2026-05-18,14:00:00,complete,GIF Sundsvall,Landskrona,2.57,3.25,2.08,2.0,1.8,1.56,2.0,2,1
2026,Sweden Superettan,2026-05-18,14:05:00,complete,Oddevold,Örebro,1.85,3.5,2.88,1.85,1.95,1.83,1.84,4,1
2026,Sweden Superettan,2026-05-19,14:00:00,complete,Helsingborg,Varberg,3.19,3.5,2.1,2.15,1.62,1.8,1.91,1,3
2026,Sweden Superettan,2026-05-23,08:00:00,complete,Norrby,Ljungskile,2.85,3.31,2.36,1.7,2.1,1.57,2.2,2,1
2026,Sweden Superettan,2026-05-23,10:00:00,complete,United Nordic,Brage,2.14,3.3,2.98,1.62,2.2,1.5,2.3,1,0
2026,Sweden Superettan,2026-05-23,10:00:00,complete,Oddevold,Östersunds FK,1.96,3.2,3.2,1.85,1.9,1.65,1.98,1,0
2026,Sweden Superettan,2026-05-23,12:00:00,complete,Falkenberg,Värnamo,2.36,3.35,3.11,1.8,1.91,1.61,2.18,3,1
2026,Sweden Superettan,2026-05-24,10:00:00,complete,Varberg,GIF Sundsvall,1.54,3.8,5.9,1.88,1.95,1.85,1.8,1,0
2026,Sweden Superettan,2026-05-24,12:00:00,complete,Sandviken,Landskrona,2.3,3.5,2.6,1.7,2.05,1.6,2.2,0,1
2026,Sweden Superettan,2026-05-25,14:05:00,complete,Norrköping,Öster,1.5,3.85,4.0,1.57,2.3,1.62,2.23,3,0
2026,Sweden Superettan,2026-05-26,14:00:00,complete,Örebro,Helsingborg,2.2,3.1,2.5,1.95,1.85,1.63,2.05,1,2
2026,Sweden Superettan,2026-05-30,08:00:00,complete,Ljungskile,Varberg,2.45,3.42,2.55,1.79,1.91,1.61,2.15,1,3
2026,Sweden Superettan,2026-05-30,08:00:00,complete,Landskrona,Brage,2.15,3.25,2.9,1.78,2.05,1.57,2.16,2,2
2026,Sweden Superettan,2026-05-30,10:00:00,complete,Falkenberg,Oddevold,2.4,3.4,2.75,1.85,1.98,1.6,2.1,2,1
2026,Sweden Superettan,2026-05-30,10:00:00,complete,GIF Sundsvall,Sandviken,3.15,3.12,2.15,1.88,1.9,1.67,2.06,0,3
2026,Sweden Superettan,2026-05-30,12:00:00,complete,Öster,Norrby,1.9,3.9,3.25,1.69,2.2,1.6,2.2,2,1
2026,Sweden Superettan,2026-05-31,10:00:00,complete,Värnamo,United Nordic,2.3,3.4,2.37,1.7,2.11,1.54,2.2,0,2
2026,Sweden Superettan,2026-05-31,12:00:00,complete,Östersunds FK,Örebro,1.7,3.5,4.33,1.82,2.0,1.76,1.93,3,2
2026,Sweden Superettan,2026-05-31,12:00:00,complete,Helsingborg,Norrköping,3.1,3.4,2.05,1.7,2.08,1.57,2.2,0,2
2026,Sweden Superettan,2026-06-09,14:00:00,incomplete,Oddevold,Norrköping,2.63,3.38,2.4,1.66,2.15,0.0,0.0,0,0
2026,Sweden Superettan,2026-06-09,14:00:00,incomplete,Öster,Värnamo,2.0,3.5,3.35,1.6,2.3,0.0,0.0,0,0
2026,Sweden Superettan,2026-06-09,14:00:00,incomplete,Sandviken,Falkenberg,2.45,3.2,2.62,1.7,2.1,0.0,0.0,0,0
2026,Sweden Superettan,2026-06-09,14:00:00,incomplete,United Nordic,Östersunds FK,2.2,3.25,3.0,1.72,2.07,0.0,0.0,0,0
2026,Sweden Superettan,2026-06-09,14:00:00,incomplete,Brage,Ljungskile,2.5,3.3,2.45,1.66,2.15,0.0,0.0,0,0
2026,Sweden Superettan,2026-06-10,14:00:00,incomplete,Varberg,Norrby,1.68,3.58,5.0,1.72,2.07,0.0,0.0,0,0
2026,Sweden Superettan,2026-06-10,14:00:00,incomplete,Örebro,GIF Sundsvall,1.91,3.25,3.75,1.95,1.85,0.0,0.0,0,0
2026,Sweden Superettan,2026-06-11,14:00:00,incomplete,Helsingborg,Landskrona,2.42,3.45,2.66,1.8,2.0,0.0,0.0,0,0
2026,Sweden Superettan,2026-06-14,08:00:00,incomplete,Norrby,Oddevold,2.7,3.35,2.37,0.0,0.0,0.0,0.0,0,0
2026,Sweden Superettan,2026-06-14,10:00:00,incomplete,Ljungskile,Östersunds FK,2.22,3.3,3.03,0.0,0.0,0.0,0.0,0,0
2026,Sweden Superettan,2026-06-14,10:00:00,incomplete,Falkenberg,Örebro,1.99,3.45,3.47,0.0,0.0,0.0,0.0,0,0
2026,Sweden Superettan,2026-06-14,12:00:00,incomplete,Sandviken,Brage,2.43,3.4,2.6,0.0,0.0,0.0,0.0,0,0
2026,Sweden Superettan,2026-06-15,14:00:00,incomplete,GIF Sundsvall,Öster,0.0,0.0,0.0,0.0,0.0,0.0,0.0,0,0
2026,Sweden Superettan,2026-06-15,14:05:00,incomplete,Norrköping,Varberg,2.01,3.55,3.28,0.0,0.0,0.0,0.0,0,0
2026,Sweden Superettan,2026-06-16,14:00:00,incomplete,Värnamo,Helsingborg,0.0,0.0,0.0,0.0,0.0,0.0,0.0,0,0
2026,Sweden Superettan,2026-06-16,14:00:00,incomplete,Landskrona,United Nordic,0.0,0.0,0.0,0.0,0.0,0.0,0.0,0,0
